GameTime;ScenarioTime;FrameRate;FrameRate-XRDevice;Frame Number;A car Pos;A car Rot;A accel;A steering;A velocity;A indicators
15.040360;0.000000;0.024837;0.000000;1213;(84.689890, -0.003922, 58.010000);(0.000699, 270.000200, 0.000001);0.000000;0.000000;(0.000000, 0.000000, 0.000000);LeftFalse_RightFalse
15.094490;0.054129;0.030695;0.000000;1214;(84.689890, -0.003922, 58.010000);(0.000699, 270.000200, 0.000001);0.000000;0.000000;(0.000000, 0.000000, 0.000000);LeftFalse_RightFalse
15.150150;0.109787;0.021506;0.000000;1218;(84.689890, -0.003922, 58.010000);(0.000699, 270.000200, 0.000001);0.000000;0.000000;(0.000000, 0.000000, 0.000000);LeftFalse_RightFalse
15.195020;0.154660;0.015579;0.000000;1222;(84.689890, -0.003922, 58.010000);(0.000699, 270.000200, 0.000001);0.000000;0.000000;(0.000000, 0.000000, 0.000000);LeftFalse_RightFalse
15.241590;0.201227;0.015244;0.000000;1225;(84.689880, -0.003922, 58.009990);(0.000699, 270.000200, 0.000001);0.000000;0.000000;(0.000000, 0.000000, 0.000000);LeftFalse_RightFalse
15.285860;0.245499;0.014940;0.000000;1228;(84.689890, -0.003922, 58.010000);(0.000699, 270.000200, 0.000001);0.000000;0.000000;(0.000000, 0.000000, 0.000000);LeftFalse_RightFalse
15.336720;0.296354;0.013750;0.000000;1232;(84.689890, -0.003922, 58.010000);(0.000699, 270.000200, 0.000001);0.000000;0.000000;(0.000000, 0.000000, 0.000000);LeftFalse_RightFalse
15.383810;0.343447;0.015019;0.000000;1235;(84.689890, -0.003922, 58.010000);(0.000700, 270.000200, 0.000001);0.000000;0.000000;(0.000000, -0.000001, 0.000000);LeftFalse_RightFalse
15.425530;0.385168;0.014562;0.000000;1238;(84.689890, -0.003922, 58.010000);(0.000699, 270.000200, 0.000001);0.000000;0.000000;(0.000000, 0.000000, 0.000000);LeftFalse_RightFalse
15.470430;0.430066;0.014740;0.000000;1241;(84.689890, -0.003922, 58.010000);(0.000699, 270.000200, 0.000002);0.000000;0.000000;(0.000000, 0.000000, 0.000000);LeftFalse_RightFalse
15.525050;0.484688;0.014742;0.000000;1245;(84.689890, -0.003922, 58.010000);(0.000699, 270.000200, 0.000002);0.000000;0.000000;(0.000000, 0.000000, 0.000000);LeftFalse_RightFalse
15.574980;0.534620;0.013479;0.000000;1249;(84.689890, -0.003922, 58.010000);(0.000699, 270.000200, 0.000002);0.000000;0.000000;(0.000000, 0.000000, 0.000000);LeftFalse_RightFalse
15.620440;0.580079;0.014274;0.000000;1252;(84.689890, -0.003922, 58.010000);(0.000699, 270.000200, 0.000002);0.000000;0.000000;(0.000000, 0.000000, 0.000000);LeftFalse_RightFalse
15.670000;0.629642;0.013086;0.000000;1256;(84.689890, -0.003922, 58.010000);(0.000699, 270.000200, 0.000001);0.000000;0.000000;(0.000000, -0.000001, 0.000000);LeftFalse_RightFalse
15.712010;0.671642;0.013028;0.000000;1259;(84.689890, -0.003922, 58.009990);(0.000699, 270.000200, 0.000001);0.000000;0.000000;(0.000000, 0.000000, 0.000000);LeftFalse_RightFalse
15.753610;0.713249;0.012967;0.000000;1262;(84.689890, -0.003922, 58.010000);(0.000699, 270.000200, 0.000001);0.000000;0.000000;(0.000000, 0.000000, 0.000000);LeftFalse_RightFalse
15.800600;0.760234;0.013999;0.000000;1265;(84.689890, -0.003922, 58.010000);(0.000699, 270.000200, 0.000000);0.000000;0.000000;(0.000000, 0.000000, 0.000000);LeftFalse_RightFalse
15.858820;0.818458;0.014850;0.000000;1269;(84.689890, -0.003922, 58.010000);(0.000699, 270.000200, 0.000000);0.000000;0.000000;(0.000000, 0.000000, 0.000000);LeftFalse_RightFalse
15.908880;0.868516;0.013553;0.000000;1273;(84.689890, -0.003922, 58.010000);(0.000699, 270.000200, 0.000000);0.000000;0.000000;(0.000000, 0.000000, 0.000000);LeftFalse_RightFalse
15.953350;0.912982;0.014145;0.000000;1276;(84.689890, -0.003922, 58.010000);(0.000699, 270.000200, 0.000000);0.000000;0.000000;(0.000000, 0.000000, 0.000000);LeftFalse_RightFalse
16.003680;0.963318;0.013166;0.000000;1280;(84.689880, -0.003922, 58.010000);(0.000700, 270.000200, 0.000000);0.000000;0.000000;(0.000000, 0.000000, 0.000000);LeftFalse_RightFalse
16.045350;1.004992;0.013052;0.000000;1283;(84.689890, -0.003922, 58.010000);(0.000700, 270.000200, 0.000000);0.000000;0.000000;(0.000000, -0.000001, 0.000000);LeftFalse_RightFalse
16.087180;1.046814;0.013009;0.000000;1286;(84.689890, -0.003922, 58.010000);(0.000700, 270.000200, 0.000001);0.000000;0.000000;(0.000000, -0.000001, 0.000000);LeftFalse_RightFalse
16.128630;1.088270;0.012926;0.000000;1289;(84.689890, -0.003922, 58.010000);(0.000700, 270.000200, 0.000001);0.000000;0.000000;(0.000000, 0.000000, 0.000000);LeftFalse_RightFalse
16.170130;1.129768;0.012891;0.000000;1292;(84.689890, -0.003922, 58.010000);(0.000700, 270.000200, 0.000001);0.000000;0.000000;(0.000000, 0.000000, 0.000000);LeftFalse_RightFalse
16.211820;1.171459;0.012914;0.000000;1295;(84.689890, -0.003922, 58.010000);(0.000700, 270.000200, 0.000001);0.000000;0.000000;(0.000000, 0.000000, 0.000000);LeftFalse_RightFalse
16.253490;1.213129;0.012908;0.000000;1298;(84.689890, -0.003922, 58.010000);(0.000700, 270.000200, 0.000001);0.000000;0.000000;(0.000000, 0.000000, 0.000000);LeftFalse_RightFalse
16.295500;1.255138;0.012971;0.000000;1301;(84.689890, -0.003922, 58.010000);(0.000699, 270.000200, 0.000001);0.000000;0.000000;(0.000000, 0.000000, 0.000000);LeftFalse_RightFalse
16.342310;1.301945;0.014014;0.000000;1304;(84.689890, -0.003922, 58.010000);(0.000699, 270.000200, 0.000001);0.000000;0.000000;(0.000000, 0.000000, 0.000000);LeftFalse_RightFalse
16.399860;1.359499;0.014774;0.000000;1308;(84.689890, -0.003922, 58.010000);(0.000699, 270.000200, 0.000001);0.000000;0.000000;(0.000000, 0.000000, 0.000000);LeftFalse_RightFalse
16.441400;1.401039;0.014654;0.000000;1311;(84.689900, -0.003922, 58.010000);(0.000699, 270.000200, 0.000001);0.000000;0.000000;(0.000000, 0.000000, 0.000000);LeftFalse_RightFalse
16.484080;1.443714;0.014831;0.000000;1314;(84.689890, -0.003922, 58.010000);(0.000699, 270.000200, 0.000001);0.000000;0.000000;(0.000000, 0.000000, 0.000000);LeftFalse_RightFalse
16.533780;1.493422;0.013483;0.000000;1318;(84.689890, -0.003922, 58.010000);(0.000699, 270.000200, 0.000000);0.000000;0.000000;(0.000000, 0.000000, 0.000000);LeftFalse_RightFalse
16.579090;1.538725;0.014242;0.000000;1321;(84.689890, -0.003922, 58.010000);(0.000699, 270.000200, 0.000000);0.000000;0.000000;(0.000000, 0.000000, 0.000000);LeftFalse_RightFalse
16.628550;1.588190;0.013096;0.000000;1325;(84.689890, -0.003922, 58.009990);(0.000699, 270.000200, 0.000000);0.000000;0.000000;(0.000000, 0.000000, 0.000000);LeftFalse_RightFalse
16.670470;1.630102;0.013042;0.000000;1328;(84.689890, -0.003922, 58.010000);(0.000699, 270.000200, 0.000000);0.000000;0.000000;(0.000000, 0.000000, 0.000000);LeftFalse_RightFalse
16.712180;1.671816;0.013051;0.000000;1331;(84.689890, -0.003922, 58.010000);(0.000699, 270.000200, 0.000001);0.000000;0.000000;(0.000000, 0.000000, 0.000000);LeftFalse_RightFalse
16.754000;1.713638;0.013007;0.000000;1334;(84.689890, -0.003922, 58.010000);(0.000699, 270.000200, 0.000001);0.000000;0.000000;(0.000000, 0.000000, 0.000000);LeftFalse_RightFalse
16.795300;1.754938;0.012915;0.000000;1337;(84.689890, -0.003922, 58.010000);(0.000699, 270.000200, 0.000001);0.000000;0.000000;(0.000000, 0.000000, 0.000000);LeftFalse_RightFalse
16.841650;1.801287;0.013820;0.000000;1340;(84.689890, -0.003922, 58.009990);(0.000700, 270.000200, 0.000001);0.000000;0.000000;(0.000000, 0.000000, 0.000000);LeftFalse_RightFalse
16.900470;1.860107;0.014836;0.000000;1344;(84.689880, -0.003922, 58.010000);(0.000700, 270.000200, 0.000001);0.000000;0.000000;(0.000000, 0.000000, 0.000000);LeftFalse_RightFalse
16.942740;1.902380;0.014887;0.000000;1347;(84.689890, -0.003922, 58.010000);(0.000700, 270.000200, 0.000001);0.000000;0.000000;(0.000000, 0.000000, 0.000000);LeftFalse_RightFalse
16.983850;1.943491;0.014727;0.000000;1350;(84.689890, -0.003922, 58.010000);(0.000700, 270.000200, 0.000001);0.000000;0.000000;(0.000000, 0.000000, 0.000000);LeftFalse_RightFalse
17.033800;1.993433;0.013465;0.000000;1354;(84.689890, -0.003922, 58.010000);(0.000700, 270.000200, 0.000001);0.000000;0.000000;(0.000000, 0.000000, 0.000000);LeftFalse_RightFalse
17.078710;2.038347;0.014162;0.000000;1357;(84.689890, -0.003922, 58.010000);(0.000700, 270.000200, 0.000001);0.000000;0.000000;(0.000000, 0.000000, 0.000000);LeftFalse_RightFalse
17.127920;2.087561;0.013008;0.000000;1361;(84.689880, -0.003922, 58.009990);(0.000699, 270.000200, 0.000001);0.000000;0.000000;(0.000000, 0.000000, 0.000000);LeftFalse_RightFalse
17.175500;2.135134;0.014098;0.000000;1364;(84.689880, -0.003922, 58.010000);(0.000699, 270.000200, 0.000001);0.000000;0.000000;(0.000000, 0.000000, 0.000000);LeftFalse_RightFalse
17.233740;2.193380;0.014899;0.000000;1368;(84.689890, -0.003922, 58.010000);(0.000699, 270.000200, 0.000000);0.000000;0.000000;(0.000000, 0.000000, 0.000000);LeftFalse_RightFalse
17.283790;2.243423;0.013567;0.000000;1372;(84.689890, -0.003922, 58.010000);(0.000699, 270.000200, 0.000000);0.000000;0.000000;(0.000000, 0.000000, 0.000000);LeftFalse_RightFalse
17.328750;2.288387;0.014282;0.000000;1375;(84.689900, -0.003922, 58.010000);(0.000699, 270.000200, 0.000000);0.000000;0.000000;(0.000000, 0.000000, 0.000000);LeftFalse_RightFalse
17.378600;2.338240;0.013169;0.000000;1379;(84.689890, -0.003922, 58.010000);(0.000699, 270.000200, 0.000001);0.000000;0.000000;(0.000000, 0.000000, 0.000000);LeftFalse_RightFalse
17.420380;2.380014;0.013058;0.000000;1382;(84.689890, -0.003922, 58.010000);(0.000699, 270.000200, 0.000001);0.000000;0.000000;(0.000000, 0.000000, 0.000000);LeftFalse_RightFalse
17.462220;2.421854;0.013058;0.000000;1385;(84.689890, -0.003922, 58.010000);(0.000699, 270.000200, 0.000001);0.000000;0.000000;(0.000000, 0.000000, 0.000000);LeftFalse_RightFalse
17.509140;2.468773;0.014051;0.000000;1388;(84.689890, -0.003922, 58.010000);(0.000699, 270.000200, 0.000001);0.000000;0.000000;(0.000000, 0.000000, 0.000000);LeftFalse_RightFalse
17.566950;2.526585;0.014789;0.000000;1392;(84.689890, -0.003922, 58.010000);(0.000699, 270.000200, 0.000001);0.000000;0.000000;(0.000000, 0.000000, 0.000000);LeftFalse_RightFalse
17.617330;2.576969;0.013584;0.000000;1396;(84.689890, -0.003922, 58.010000);(0.000699, 270.000200, 0.000001);0.000000;0.000000;(0.000000, 0.000000, 0.000000);LeftFalse_RightFalse
17.662110;2.621742;0.014230;0.000000;1399;(84.689880, -0.003922, 58.010000);(0.000699, 270.000200, 0.000001);0.000000;0.000000;(0.000000, 0.000001, 0.000000);LeftFalse_RightFalse
17.712050;2.671682;0.013143;0.000000;1403;(84.689890, -0.003922, 58.009990);(0.000700, 270.000200, 0.000001);0.000000;0.000000;(0.000000, 0.000001, 0.000000);LeftFalse_RightFalse
17.759020;2.718657;0.014094;0.000000;1406;(84.689890, -0.003922, 58.010000);(0.000700, 270.000200, 0.000001);0.000000;0.000000;(0.000000, 0.000001, 0.000000);LeftFalse_RightFalse
17.817290;2.776926;0.014904;0.000000;1410;(84.689890, -0.003922, 58.010000);(0.000700, 270.000200, 0.000001);0.000000;0.000000;(0.000000, 0.000001, 0.000000);LeftFalse_RightFalse
17.867020;2.826660;0.013515;0.000000;1414;(84.689880, -0.003922, 58.009990);(0.000700, 270.000200, 0.000001);0.000000;0.000000;(0.000000, 0.000001, 0.000000);LeftFalse_RightFalse
17.911210;2.870844;0.014060;0.000000;1417;(84.689890, -0.003922, 58.010000);(0.000699, 270.000200, 0.000000);0.000000;0.000000;(0.000000, 0.000001, 0.000000);LeftFalse_RightFalse
17.953760;2.913395;0.014184;0.000000;1420;(84.689890, -0.003922, 58.010000);(0.000699, 270.000200, 0.000000);0.000000;0.000000;(0.000000, 0.000001, 0.000000);LeftFalse_RightFalse
18.003440;2.963079;0.013065;0.000000;1424;(84.689890, -0.003922, 58.010000);(0.000699, 270.000200, 0.000000);0.000000;0.000000;(0.000000, 0.000001, 0.000000);LeftFalse_RightFalse
18.045820;3.005455;0.013113;0.000000;1427;(84.689890, -0.003922, 58.010000);(0.000699, 270.000200, 0.000001);0.000000;0.000000;(0.000000, 0.000001, 0.000000);LeftFalse_RightFalse
18.092340;3.051981;0.014022;0.000000;1430;(84.689890, -0.003922, 58.010000);(0.000699, 270.000200, 0.000001);0.000000;0.000000;(0.000000, 0.000001, 0.000000);LeftFalse_RightFalse
18.150390;3.110023;0.014801;0.000000;1434;(84.689890, -0.003922, 58.010000);(0.000699, 270.000200, 0.000001);0.000000;0.000000;(0.000000, 0.000001, 0.000000);LeftFalse_RightFalse
18.192210;3.151850;0.014791;0.000000;1437;(84.689890, -0.003922, 58.009990);(0.000699, 270.000200, 0.000001);0.000000;0.000000;(0.000000, 0.000001, 0.000000);LeftFalse_RightFalse
18.242210;3.201847;0.013547;0.000000;1441;(84.689880, -0.003922, 58.010000);(0.000699, 270.000200, 0.000001);0.000000;0.000000;(0.000000, 0.000001, 0.000000);LeftFalse_RightFalse
18.286810;3.246447;0.014221;0.000000;1444;(84.689890, -0.003922, 58.010000);(0.000699, 270.000200, 0.000001);0.000000;0.000000;(0.000000, 0.000001, 0.000000);LeftFalse_RightFalse
18.336310;3.295946;0.013038;0.000000;1448;(84.689890, -0.003922, 58.010000);(0.000699, 270.000200, 0.000001);0.000000;0.000000;(0.000000, 0.000001, 0.000000);LeftFalse_RightFalse
18.384110;3.343746;0.014157;0.000000;1451;(84.689890, -0.003922, 58.010000);(0.000699, 270.000200, 0.000001);0.000000;0.000000;(0.000000, 0.000001, 0.000000);LeftFalse_RightFalse
18.442590;3.402224;0.015009;0.000000;1455;(84.689890, -0.003922, 58.010000);(0.000699, 270.000200, 0.000001);0.000000;0.000000;(0.000000, 0.000001, 0.000000);LeftFalse_RightFalse
18.492120;3.451761;0.013557;0.000000;1459;(84.689890, -0.003922, 58.010000);(0.000699, 270.000200, 0.000001);0.000000;0.000000;(0.000000, 0.000001, 0.000000);LeftFalse_RightFalse
18.537010;3.496651;0.014238;0.000000;1462;(84.689890, -0.003922, 58.009990);(0.000699, 270.000200, 0.000001);0.000000;0.000000;(0.000000, 0.000001, 0.000000);LeftFalse_RightFalse
18.586900;3.546539;0.013151;0.000000;1466;(84.689890, -0.003922, 58.010000);(0.000699, 270.000200, 0.000000);0.000000;0.000000;(0.000000, 0.000001, 0.000000);LeftFalse_RightFalse
18.634020;3.593657;0.014113;0.000000;1469;(84.689890, -0.003922, 58.010000);(0.000699, 270.000200, 0.000000);0.000000;0.000000;(0.000000, 0.000001, 0.000000);LeftFalse_RightFalse
18.692200;3.651836;0.014909;0.000000;1473;(84.689890, -0.003922, 58.010000);(0.000699, 270.000200, 0.000001);0.000000;0.000000;(0.000000, 0.000000, 0.000000);LeftFalse_RightFalse
18.742070;3.701712;0.013536;0.000000;1477;(84.689890, -0.003922, 58.010000);(0.000699, 270.000200, 0.000001);0.000000;0.000000;(0.000000, 0.000000, 0.000000);LeftFalse_RightFalse
18.787830;3.747469;0.014379;0.000000;1480;(84.689890, -0.003922, 58.010000);(0.000699, 270.000200, 0.000001);0.000000;0.000000;(0.000000, 0.000000, 0.000000);LeftFalse_RightFalse
18.836640;3.796274;0.013050;0.000000;1484;(84.689890, -0.003922, 58.009990);(0.000699, 270.000200, 0.000001);0.000000;0.000000;(0.000000, 0.000000, 0.000000);LeftFalse_RightFalse
18.878760;3.838392;0.013086;0.000000;1487;(84.689890, -0.003922, 58.009990);(0.000699, 270.000200, 0.000001);0.000000;0.000000;(0.000000, 0.000000, 0.000000);LeftFalse_RightFalse
18.920220;3.879860;0.012976;0.000000;1490;(84.689890, -0.003922, 58.010000);(0.000699, 270.000200, 0.000001);0.000000;0.000000;(0.000000, 0.000000, 0.000000);LeftFalse_RightFalse
18.962000;3.921633;0.012955;0.000000;1493;(84.689880, -0.003922, 58.010000);(0.000699, 270.000200, 0.000001);0.000000;0.000000;(0.000000, 0.000000, 0.000000);LeftFalse_RightFalse
19.003500;3.963139;0.012910;0.000000;1496;(84.689890, -0.003922, 58.010000);(0.000699, 270.000200, 0.000001);0.000000;0.000000;(0.000000, 0.000000, 0.000000);LeftFalse_RightFalse
19.050470;4.010107;0.013960;0.000000;1499;(84.689890, -0.003922, 58.010000);(0.000699, 270.000200, 0.000001);0.000000;0.000000;(0.000000, 0.000000, 0.000000);LeftFalse_RightFalse
19.102080;4.061712;0.013489;0.000000;1503;(84.689880, -0.003922, 58.010000);(0.000699, 270.000200, 0.000001);0.000000;0.000000;(0.000000, 0.000000, 0.000000);LeftFalse_RightFalse
19.147200;4.106834;0.014202;0.000000;1506;(84.689890, -0.003922, 58.010000);(0.000699, 270.000200, 0.000001);0.000000;0.000000;(0.000000, 0.000000, 0.000000);LeftFalse_RightFalse
19.188640;4.148273;0.014094;0.000000;1509;(84.689900, -0.003922, 58.010000);(0.000699, 270.000200, 0.000001);0.000000;0.000000;(0.000000, -0.000001, 0.000000);LeftFalse_RightFalse
19.233530;4.193169;0.014831;0.000000;1512;(84.689890, -0.003922, 58.010000);(0.000699, 270.000200, 0.000001);0.000000;0.000000;(0.000000, -0.000001, 0.000000);LeftFalse_RightFalse
19.276000;4.235640;0.014780;0.000000;1515;(84.689890, -0.003922, 58.010000);(0.000699, 270.000200, 0.000001);0.000000;0.000000;(0.000000, -0.000001, 0.000000);LeftFalse_RightFalse
19.317760;4.277401;0.014628;0.000000;1518;(84.689890, -0.003922, 58.010000);(0.000699, 270.000200, 0.000001);0.000000;0.000000;(0.000000, -0.000001, 0.000000);LeftFalse_RightFalse
19.367990;4.327627;0.013319;0.000000;1522;(84.689890, -0.003922, 58.010000);(0.000699, 270.000200, 0.000001);0.000000;0.000000;(0.000000, -0.000001, 0.000000);LeftFalse_RightFalse
19.413720;4.373354;0.014227;0.000000;1525;(84.689890, -0.003922, 58.010000);(0.000699, 270.000200, 0.000002);0.000000;0.000000;(0.000000, -0.000001, 0.000000);LeftFalse_RightFalse
19.463750;4.423384;0.013233;0.000000;1529;(84.689890, -0.003922, 58.010000);(0.000699, 270.000200, 0.000002);0.000000;0.000000;(0.000000, -0.000001, 0.000000);LeftFalse_RightFalse
19.508110;4.467747;0.013760;0.000000;1532;(84.689890, -0.003922, 58.010000);(0.000699, 270.000200, 0.000002);0.000000;0.000000;(0.000000, -0.000001, 0.000000);LeftFalse_RightFalse
19.567160;4.526798;0.014840;0.000000;1536;(84.689900, -0.003922, 58.010000);(0.000699, 270.000200, 0.000002);0.000000;0.000000;(0.000000, 0.000000, 0.000000);LeftFalse_RightFalse
19.617210;4.576843;0.013549;0.000000;1540;(84.689880, -0.003922, 58.010000);(0.000699, 270.000200, 0.000000);0.000000;0.000000;(0.000000, 0.000000, 0.000000);LeftFalse_RightFalse
19.664460;4.624094;0.014676;0.000000;1543;(84.689880, -0.003922, 58.010000);(0.000699, 270.000200, 0.000000);0.000000;0.000000;(0.000000, 0.000000, 0.000000);LeftFalse_RightFalse
19.709450;4.669085;0.015165;0.000000;1546;(84.689890, -0.003922, 58.009990);(0.000699, 270.000200, 0.000000);0.000000;0.000000;(0.000000, 0.000000, 0.000000);LeftFalse_RightFalse
19.756710;4.716345;0.013055;0.000000;1550;(84.689890, -0.003922, 58.009990);(0.000699, 270.000200, 0.000000);0.000000;0.000000;(0.000000, 0.000000, 0.000000);LeftFalse_RightFalse
19.797510;4.757147;0.012932;0.000000;1553;(84.689890, -0.003922, 58.010000);(0.000699, 270.000200, 0.000000);0.000000;0.000000;(0.000000, 0.000000, 0.000000);LeftFalse_RightFalse
19.840810;4.800447;0.013310;0.000000;1556;(84.689890, -0.003922, 58.010000);(0.000699, 270.000200, 0.000001);0.000000;0.000000;(0.000000, 0.000000, 0.000000);LeftFalse_RightFalse
19.881790;4.841425;0.013175;0.000000;1559;(84.689890, -0.003922, 58.009990);(0.000699, 270.000200, 0.000001);0.000000;0.000000;(0.000000, 0.000000, 0.000000);LeftFalse_RightFalse
19.924990;4.884630;0.013559;0.000000;1562;(84.689890, -0.003922, 58.010000);(0.000699, 270.000200, 0.000001);0.000000;0.000000;(0.000000, 0.000000, 0.000000);LeftFalse_RightFalse
19.967170;4.926804;0.013864;0.000000;1565;(84.689890, -0.003922, 58.009990);(0.000699, 270.000200, 0.000001);0.000000;0.000000;(0.000000, 0.000000, 0.000000);LeftFalse_RightFalse
20.025610;4.985250;0.014715;0.000000;1569;(84.689890, -0.003922, 58.009990);(0.000699, 270.000200, 0.000001);0.000000;0.000000;(0.000000, 0.000000, 0.000000);LeftFalse_RightFalse
20.076250;5.035887;0.013630;0.000000;1573;(84.689890, -0.003922, 58.010000);(0.000699, 270.000200, 0.000001);0.000000;0.000000;(0.000000, 0.000000, 0.000000);LeftFalse_RightFalse
20.119970;5.079607;0.013954;0.000000;1576;(84.689890, -0.003922, 58.010000);(0.000699, 270.000200, 0.000001);0.000000;0.000000;(0.000000, 0.000000, 0.000000);LeftFalse_RightFalse
20.163360;5.122993;0.014252;0.000000;1579;(84.689890, -0.003922, 58.010000);(0.000699, 270.000200, 0.000001);0.000000;0.000000;(0.000000, 0.000001, 0.000000);LeftFalse_RightFalse
20.211600;5.171238;0.012861;0.000000;1583;(84.689890, -0.003922, 58.010000);(0.000699, 270.000200, 0.000000);0.000000;0.000000;(0.000000, 0.000001, 0.000000);LeftFalse_RightFalse
20.258320;5.217958;0.013861;0.000000;1586;(84.689880, -0.003922, 58.010000);(0.000699, 270.000200, 0.000000);0.000000;0.000000;(0.000000, 0.000001, 0.000000);LeftFalse_RightFalse
20.300550;5.260187;0.014149;0.000000;1589;(84.689890, -0.003922, 58.010000);(0.000699, 270.000200, 0.000000);0.000000;0.000000;(0.000000, 0.000001, 0.000000);LeftFalse_RightFalse
20.342410;5.302044;0.014243;0.000000;1592;(84.689900, -0.003922, 58.010000);(0.000699, 270.000200, 0.000000);0.000000;0.000000;(0.000000, 0.000001, 0.000000);LeftFalse_RightFalse
20.400610;5.360243;0.014940;0.000000;1596;(84.689890, -0.003922, 58.010000);(0.000699, 270.000200, 0.000001);0.000000;0.000000;(0.000000, 0.000001, 0.000000);LeftFalse_RightFalse
20.458950;5.418591;0.015272;0.000000;1600;(84.689890, -0.003922, 58.010000);(0.000699, 270.000200, 0.000001);0.000000;0.000000;(0.000000, 0.000001, 0.000000);LeftFalse_RightFalse
20.503220;5.462854;0.014734;0.000000;1603;(84.689890, -0.003922, 58.010000);(0.000699, 270.000200, 0.000001);0.000000;0.000000;(0.000000, 0.000001, 0.000000);LeftFalse_RightFalse
20.559010;5.518648;0.014882;0.000000;1607;(84.689890, -0.003922, 58.010000);(0.000699, 270.000200, 0.000001);0.000000;0.000000;(0.000000, 0.000001, 0.000000);LeftFalse_RightFalse
20.617160;5.576796;0.015181;0.000000;1611;(84.689890, -0.003922, 58.010000);(0.000699, 270.000200, 0.000001);0.000000;0.000000;(0.000000, 0.000001, 0.000000);LeftFalse_RightFalse
20.661920;5.621553;0.012896;0.000000;1615;(84.689890, -0.003922, 58.010000);(0.000699, 270.000200, 0.000000);0.000000;0.000000;(0.000000, 0.000000, 0.000000);LeftFalse_RightFalse
20.708780;5.668421;0.013949;0.000000;1618;(84.689880, -0.003922, 58.009990);(0.000699, 270.000200, 0.000001);0.000000;0.000000;(0.000000, 0.000000, 0.000000);LeftFalse_RightFalse
20.766470;5.726110;0.014695;0.000000;1622;(84.689890, -0.003922, 58.010000);(0.000699, 270.000200, 0.000001);0.000000;0.000000;(0.000000, 0.000000, 0.000000);LeftFalse_RightFalse
20.816990;5.776630;0.013516;0.000000;1626;(84.689890, -0.003922, 58.010000);(0.000700, 270.000200, 0.000001);0.000000;0.000000;(0.000000, 0.000000, 0.000000);LeftFalse_RightFalse
20.862210;5.821850;0.014262;0.000000;1629;(84.689880, -0.003922, 58.009990);(0.000699, 270.000200, 0.000001);0.000000;0.000000;(0.000000, 0.000000, 0.000000);LeftFalse_RightFalse
20.911720;5.871357;0.013082;0.000000;1633;(84.689890, -0.003922, 58.010000);(0.000699, 270.000200, 0.000001);0.000000;0.000000;(0.000000, 0.000000, 0.000000);LeftFalse_RightFalse
20.958640;5.918274;0.014030;0.000000;1636;(84.689890, -0.003922, 58.010000);(0.000699, 270.000200, 0.000001);0.000000;0.000000;(0.000000, 0.000000, 0.000000);LeftFalse_RightFalse
21.017080;5.976717;0.014859;0.000000;1640;(84.689890, -0.003922, 58.010000);(0.000700, 270.000200, 0.000001);0.000000;0.000000;(0.000000, 0.000000, 0.000000);LeftFalse_RightFalse
21.067210;6.026852;0.013563;0.000000;1644;(84.689890, -0.003922, 58.010000);(0.000699, 270.000200, 0.000001);0.000000;0.000000;(0.000000, -0.000001, 0.000000);LeftFalse_RightFalse
21.112130;6.071762;0.014225;0.000000;1647;(84.689890, -0.003922, 58.009990);(0.000699, 270.000200, 0.000001);0.000000;0.000000;(0.000000, -0.000001, 0.000000);LeftFalse_RightFalse
21.161620;6.121260;0.013062;0.000000;1651;(84.689890, -0.003922, 58.010000);(0.000699, 270.000200, 0.000001);0.000000;0.000000;(0.000000, 0.000000, 0.000000);LeftFalse_RightFalse
21.209180;6.168812;0.014125;0.000000;1654;(84.689890, -0.003922, 58.010000);(0.000699, 270.000200, 0.000001);0.000000;0.000000;(0.000000, 0.000000, 0.000000);LeftFalse_RightFalse
21.267110;6.226749;0.014891;0.000000;1658;(84.689890, -0.003922, 58.009990);(0.000699, 270.000200, 0.000001);0.000000;0.000000;(0.000000, -0.000001, 0.000000);LeftFalse_RightFalse
21.316800;6.276432;0.013482;0.000000;1662;(84.689890, -0.003922, 58.009990);(0.000699, 270.000200, 0.000001);0.000000;0.000000;(0.000000, -0.000001, 0.000000);LeftFalse_RightFalse
21.362150;6.321791;0.014271;0.000000;1665;(84.689900, -0.003922, 58.010000);(0.000699, 270.000200, 0.000002);0.000000;0.000000;(0.000000, -0.000001, 0.000000);LeftFalse_RightFalse
21.411400;6.371035;0.013039;0.000000;1669;(84.689890, -0.003922, 58.010000);(0.000699, 270.000200, 0.000002);0.000000;0.000000;(0.000000, -0.000001, 0.000000);LeftFalse_RightFalse
21.458880;6.418518;0.014092;0.000000;1672;(84.689890, -0.003922, 58.010000);(0.000699, 270.000200, 0.000002);0.000000;0.000000;(0.000000, -0.000001, 0.000000);LeftFalse_RightFalse
21.517090;6.476727;0.014869;0.000000;1676;(84.689890, -0.003922, 58.010000);(0.000698, 270.000200, 0.000002);0.000000;0.000000;(0.000000, -0.000001, 0.000000);LeftFalse_RightFalse
21.567210;6.526850;0.013564;0.000000;1680;(84.689890, -0.003922, 58.009990);(0.000698, 270.000200, 0.000002);0.000000;0.000000;(0.000000, 0.000000, 0.000000);LeftFalse_RightFalse
21.612180;6.571821;0.014243;0.000000;1683;(84.689890, -0.003922, 58.010000);(0.000699, 270.000200, 0.000001);0.000000;0.000000;(0.000000, 0.000000, 0.000000);LeftFalse_RightFalse
21.653970;6.613607;0.014159;0.000000;1686;(84.689890, -0.003922, 58.010000);(0.000699, 270.000200, 0.000001);0.000000;0.000000;(0.000000, 0.000000, 0.000000);LeftFalse_RightFalse
21.703700;6.663332;0.013059;0.000000;1690;(84.689900, -0.003922, 58.010000);(0.000699, 270.000200, 0.000000);0.000000;0.000000;(0.000000, 0.000000, 0.000000);LeftFalse_RightFalse
21.750750;6.710382;0.014056;0.000000;1693;(84.689890, -0.003922, 58.010000);(0.000699, 270.000200, 0.000000);0.000000;0.000000;(0.000000, 0.000000, 0.000000);LeftFalse_RightFalse
21.808820;6.768456;0.014839;0.000000;1697;(84.689880, -0.003922, 58.009990);(0.000699, 270.000200, 0.000000);0.000000;0.000000;(0.000000, 0.000000, 0.000000);LeftFalse_RightFalse
21.852810;6.812450;0.015027;0.000000;1700;(84.689890, -0.003922, 58.009990);(0.000700, 270.000200, 0.000000);0.000000;0.000000;(0.000000, -0.000001, 0.000000);LeftFalse_RightFalse
21.903760;6.863392;0.013574;0.000000;1704;(84.689890, -0.003922, 58.010000);(0.000700, 270.000200, 0.000000);0.000000;0.000000;(0.000000, -0.000001, 0.000000);LeftFalse_RightFalse
21.950620;6.910254;0.014325;0.000000;1707;(84.689890, -0.003922, 58.010000);(0.000700, 270.000200, 0.000000);0.000000;0.000000;(0.000000, -0.000001, 0.000000);LeftFalse_RightFalse
22.008770;6.968403;0.014977;0.000000;1711;(84.689890, -0.003922, 58.010000);(0.000700, 270.000200, 0.000001);0.000000;0.000000;(0.000000, -0.000001, 0.000000);LeftFalse_RightFalse
22.050490;7.010126;0.014875;0.000000;1714;(84.689890, -0.003922, 58.010000);(0.000700, 270.000200, 0.000001);0.000000;0.000000;(0.000000, -0.000001, 0.000000);LeftFalse_RightFalse
22.100500;7.060133;0.013581;0.000000;1718;(84.689890, -0.003922, 58.010000);(0.000700, 270.000200, 0.000001);0.000000;0.000000;(0.000000, -0.000001, 0.000000);LeftFalse_RightFalse
22.145590;7.105225;0.014253;0.000000;1721;(84.689890, -0.003922, 58.009990);(0.000699, 270.000200, 0.000001);0.000000;0.000000;(0.000000, -0.000001, 0.000000);LeftFalse_RightFalse
22.195240;7.154877;0.013102;0.000000;1725;(84.689890, -0.003922, 58.010000);(0.000699, 270.000200, 0.000001);0.000000;0.000000;(0.000000, -0.000001, 0.000000);LeftFalse_RightFalse
22.237100;7.196741;0.013049;0.000000;1728;(84.689890, -0.003922, 58.010000);(0.000699, 270.000200, 0.000001);0.000000;0.000000;(0.000000, -0.000001, 0.000000);LeftFalse_RightFalse
22.278820;7.238455;0.012991;0.000000;1731;(84.689890, -0.003922, 58.010000);(0.000699, 270.000200, 0.000001);0.000000;0.000000;(0.000000, 0.000000, 0.000000);LeftFalse_RightFalse
22.320530;7.280165;0.012967;0.000000;1734;(84.689890, -0.003922, 58.010000);(0.000699, 270.000200, 0.000001);0.000000;0.000000;(0.000000, 0.000000, 0.000000);LeftFalse_RightFalse
22.367400;7.327042;0.013993;0.000000;1737;(84.689890, -0.003922, 58.010000);(0.000699, 270.000200, 0.000001);0.000000;0.000000;(0.000000, 0.000000, 0.000000);LeftFalse_RightFalse
22.425460;7.385101;0.014839;0.000000;1741;(84.689890, -0.003922, 58.010000);(0.000699, 270.000200, 0.000001);0.000000;0.000000;(0.000000, 0.000000, 0.000000);LeftFalse_RightFalse
22.475730;7.435364;0.013545;0.000000;1745;(84.689890, -0.003922, 58.010000);(0.000699, 270.000200, 0.000000);0.000000;0.000000;(0.000000, 0.000000, 0.000000);LeftFalse_RightFalse
22.520560;7.480198;0.014213;0.000000;1748;(84.689890, -0.003922, 58.010000);(0.000699, 270.000200, 0.000000);0.000000;0.000000;(0.000000, 0.000000, 0.000000);LeftFalse_RightFalse
22.562450;7.522087;0.014195;0.000000;1751;(84.689890, -0.003922, 58.010000);(0.000699, 270.000200, 0.000000);0.000000;0.000000;(0.000000, 0.000000, 0.000000);LeftFalse_RightFalse
22.609090;7.568731;0.015189;0.000000;1754;(84.689890, -0.003922, 58.010000);(0.000699, 270.000200, 0.000000);0.000000;0.000000;(0.000000, 0.000000, 0.000000);LeftFalse_RightFalse
22.650480;7.610119;0.014628;0.000000;1757;(84.689890, -0.003922, 58.010000);(0.000699, 270.000200, 0.000001);0.000000;0.000000;(0.000000, 0.000000, 0.000000);LeftFalse_RightFalse
22.691380;7.651018;0.014511;0.000000;1760;(84.689890, -0.003922, 58.010000);(0.000700, 270.000200, 0.000001);0.000000;0.000000;(0.000000, 0.000000, 0.000000);LeftFalse_RightFalse
22.736250;7.695883;0.012595;0.000000;1764;(84.689890, -0.003922, 58.010000);(0.000700, 270.000200, 0.000001);0.000000;0.000000;(0.000000, 0.000000, 0.000000);LeftFalse_RightFalse
22.784030;7.743670;0.013916;0.000000;1767;(84.689880, -0.003922, 58.010000);(0.000700, 270.000200, 0.000001);0.000000;0.000000;(0.000000, 0.000000, 0.000000);LeftFalse_RightFalse
22.841520;7.801157;0.014675;0.000000;1771;(84.689890, -0.003922, 58.010000);(0.000700, 270.000200, 0.000001);0.000000;0.000000;(0.000000, 0.000000, 0.000000);LeftFalse_RightFalse
22.892230;7.851871;0.013514;0.000000;1775;(84.689890, -0.003922, 58.010000);(0.000700, 270.000200, 0.000001);0.000000;0.000000;(0.000000, 0.000000, 0.000000);LeftFalse_RightFalse
22.934050;7.893684;0.013664;0.000000;1778;(84.689890, -0.003922, 58.009990);(0.000700, 270.000200, 0.000001);0.000000;0.000000;(0.000000, 0.000000, 0.000000);LeftFalse_RightFalse
22.978480;7.938116;0.014202;0.000000;1781;(84.689890, -0.003922, 58.010000);(0.000700, 270.000200, 0.000001);0.000000;0.000000;(0.000000, 0.000000, 0.000000);LeftFalse_RightFalse
23.025590;7.985231;0.015239;0.000000;1784;(84.689890, -0.003922, 58.010000);(0.000699, 270.000200, 0.000001);0.000000;0.000000;(0.000000, 0.000000, 0.000000);LeftFalse_RightFalse
23.070030;8.029665;0.012873;0.000000;1788;(84.689890, -0.003922, 58.010000);(0.000699, 270.000200, 0.000001);0.000000;0.000000;(0.000000, 0.000000, 0.000000);LeftFalse_RightFalse
23.112260;8.071898;0.012976;0.000000;1791;(84.689890, -0.003922, 58.010000);(0.000699, 270.000200, 0.000001);0.000000;0.000000;(0.000000, 0.000000, 0.000000);LeftFalse_RightFalse
23.158900;8.118538;0.013963;0.000000;1794;(84.689890, -0.003922, 58.010000);(0.000699, 270.000200, 0.000000);0.000000;0.000000;(0.000000, 0.000000, 0.000000);LeftFalse_RightFalse
23.200500;8.160141;0.014111;0.000000;1797;(84.689880, -0.003922, 58.010000);(0.000699, 270.000200, 0.000000);0.000000;0.000000;(0.000000, 0.000000, 0.000000);LeftFalse_RightFalse
23.258750;8.218384;0.014887;0.000000;1801;(84.689890, -0.003922, 58.010000);(0.000699, 270.000200, 0.000001);0.000000;0.000000;(0.000000, 0.000000, 0.000000);LeftFalse_RightFalse
23.308920;8.268557;0.013607;0.000000;1805;(84.689890, -0.003922, 58.010000);(0.000699, 270.000200, 0.000001);0.000000;0.000000;(0.000000, 0.000000, 0.000000);LeftFalse_RightFalse
23.353740;8.313379;0.014235;0.000000;1808;(84.689890, -0.003922, 58.010000);(0.000699, 270.000200, 0.000001);0.000000;0.000000;(0.000000, 0.000000, 0.000000);LeftFalse_RightFalse
23.400570;8.360203;0.015237;0.000000;1811;(84.689880, -0.003922, 58.010000);(0.000699, 270.000200, 0.000001);0.000000;0.000000;(0.000000, 0.000000, 0.000000);LeftFalse_RightFalse
23.445110;8.404751;0.012898;0.000000;1815;(84.689890, -0.003922, 58.010000);(0.000699, 270.000200, 0.000001);0.000000;0.000000;(0.000000, 0.000000, 0.000000);LeftFalse_RightFalse
23.492320;8.451956;0.013995;0.000000;1818;(84.689890, -0.003922, 58.010000);(0.000699, 270.000200, 0.000001);0.000000;0.000000;(0.000000, 0.000000, 0.000000);LeftFalse_RightFalse
23.537160;8.496799;0.014426;0.000000;1821;(84.689890, -0.003922, 58.010000);(0.000699, 270.000200, 0.000001);0.000000;0.000000;(0.000000, 0.000000, 0.000000);LeftFalse_RightFalse
23.592220;8.551861;0.014572;0.000000;1825;(84.689890, -0.003922, 58.010000);(0.000700, 270.000200, 0.000001);0.000000;0.000000;(0.000000, 0.000000, 0.000000);LeftFalse_RightFalse
23.650600;8.610237;0.015097;0.000000;1829;(84.689890, -0.003922, 58.010000);(0.000700, 270.000200, 0.000001);0.000000;0.000000;(0.000000, 0.000000, 0.000000);LeftFalse_RightFalse
23.692180;8.651821;0.014911;0.000000;1832;(84.689890, -0.003922, 58.010000);(0.000700, 270.000200, 0.000001);0.000000;0.000000;(0.000000, 0.000000, 0.000000);LeftFalse_RightFalse
23.733600;8.693239;0.014754;0.000000;1835;(84.689890, -0.003922, 58.010000);(0.000700, 270.000200, 0.000001);0.000000;0.000000;(0.000000, 0.000000, 0.000000);LeftFalse_RightFalse
23.775520;8.735153;0.014787;0.000000;1838;(84.689890, -0.003922, 58.010000);(0.000700, 270.000200, 0.000000);0.000000;0.000000;(0.000000, 0.000000, 0.000000);LeftFalse_RightFalse
23.817290;8.776922;0.014757;0.000000;1841;(84.689890, -0.003922, 58.010000);(0.000699, 270.000200, 0.000000);0.000000;0.000000;(0.000000, 0.000000, 0.000000);LeftFalse_RightFalse
23.862120;8.821753;0.012754;0.000000;1845;(84.689890, -0.003922, 58.009990);(0.000699, 270.000200, 0.000000);0.000000;0.000000;(0.000000, 0.000000, 0.000000);LeftFalse_RightFalse
23.908880;8.868519;0.013866;0.000000;1848;(84.689890, -0.003922, 58.010000);(0.000699, 270.000200, 0.000000);0.000000;0.000000;(0.000000, 0.000000, 0.000000);LeftFalse_RightFalse
23.953720;8.913357;0.014367;0.000000;1851;(84.689890, -0.003922, 58.010000);(0.000699, 270.000200, 0.000001);0.000000;0.000000;(0.000000, 0.000000, 0.000000);LeftFalse_RightFalse
23.995440;8.955072;0.014217;0.000000;1854;(84.689890, -0.003922, 58.010000);(0.000699, 270.000200, 0.000001);0.000000;0.000000;(0.000000, 0.000000, 0.000000);LeftFalse_RightFalse
24.036970;8.996605;0.014114;0.000000;1857;(84.689890, -0.003922, 58.010000);(0.000699, 270.000200, 0.000001);0.000000;0.000000;(0.000000, 0.000000, 0.000000);LeftFalse_RightFalse
24.078570;9.038206;0.014075;0.000000;1860;(84.689890, -0.003922, 58.009990);(0.000699, 270.000200, 0.000001);0.000000;0.000000;(0.000000, 0.000000, 0.000000);LeftFalse_RightFalse
24.120320;9.079954;0.014076;0.000000;1863;(84.689890, -0.003922, 58.010000);(0.000699, 270.000200, 0.000001);0.000000;0.000000;(0.000000, 0.000000, 0.000000);LeftFalse_RightFalse
24.161930;9.121567;0.014061;0.000000;1866;(84.689890, -0.003922, 58.010000);(0.000699, 270.000200, 0.000001);0.000000;0.000000;(0.000000, 0.000000, 0.000000);LeftFalse_RightFalse
24.203300;9.162937;0.013995;0.000000;1869;(84.689890, -0.003922, 58.010000);(0.000699, 270.000200, 0.000001);0.000000;0.000000;(0.000000, 0.000000, 0.000000);LeftFalse_RightFalse
24.245650;9.205290;0.014145;0.000000;1872;(84.689900, -0.003922, 58.010000);(0.000699, 270.000200, 0.000001);0.000000;0.000000;(0.000000, 0.000000, 0.000000);LeftFalse_RightFalse
24.287100;9.246735;0.014110;0.000000;1875;(84.689890, -0.003922, 58.009990);(0.000699, 270.000200, 0.000001);0.000000;0.000000;(0.000000, 0.000000, 0.000000);LeftFalse_RightFalse
24.328600;9.288235;0.014063;0.000000;1878;(84.689880, -0.003922, 58.009990);(0.000699, 270.000200, 0.000001);0.000000;0.000000;(0.000000, 0.000000, 0.000000);LeftFalse_RightFalse
24.376070;9.335711;0.015470;0.000000;1881;(84.689890, -0.003922, 58.010000);(0.000699, 270.000200, 0.000001);0.000000;0.000000;(0.000000, 0.000000, 0.000000);LeftFalse_RightFalse
24.420180;9.379814;0.012946;0.000000;1885;(84.689890, -0.003922, 58.010000);(0.000699, 270.000200, 0.000001);0.000000;0.000000;(0.000000, 0.000000, 0.000000);LeftFalse_RightFalse
24.467300;9.426941;0.014020;0.000000;1888;(84.689890, -0.003922, 58.010000);(0.000700, 270.000200, 0.000001);0.000000;0.000000;(0.000000, 0.000000, 0.000000);LeftFalse_RightFalse
24.526060;9.485701;0.014965;0.000000;1892;(84.689890, -0.003922, 58.010000);(0.000700, 270.000200, 0.000000);0.000000;0.000000;(0.000000, 0.000000, 0.000000);LeftFalse_RightFalse
24.573780;9.533421;0.015363;0.000000;1895;(84.689890, -0.003922, 58.010000);(0.000700, 270.000200, 0.000000);0.000000;0.000000;(0.000000, 0.000000, 0.000000);LeftFalse_RightFalse
24.655200;9.614832;0.020634;0.000000;1899;(84.689890, -0.003922, 58.010000);(0.000699, 270.000200, 0.000001);0.000000;0.000000;(0.000000, 0.000000, 0.000000);LeftFalse_RightFalse
24.702950;9.662586;0.015833;0.000000;1903;(84.689890, -0.003922, 58.010000);(0.000699, 270.000200, 0.000001);0.000000;0.000000;(0.000000, 0.000000, 0.000000);LeftFalse_RightFalse
24.752820;9.712461;0.013824;0.000000;1907;(84.689890, -0.003922, 58.010000);(0.000699, 270.000200, 0.000001);0.000000;0.000000;(0.000000, 0.000000, 0.000000);LeftFalse_RightFalse
24.800960;9.760601;0.014630;0.000000;1910;(84.689890, -0.003922, 58.009990);(0.000699, 270.000200, 0.000001);0.000000;0.000000;(0.000000, 0.000000, 0.000000);LeftFalse_RightFalse
24.859130;9.818766;0.015128;0.000000;1914;(84.689900, -0.003922, 58.010000);(0.000699, 270.000200, 0.000001);0.000000;0.000000;(0.000000, 0.000000, 0.000000);LeftFalse_RightFalse
24.900660;9.860300;0.014887;0.000000;1917;(84.689890, -0.003922, 58.010000);(0.000699, 270.000200, 0.000001);0.000000;0.000000;(0.000000, 0.000000, 0.000000);LeftFalse_RightFalse
24.942390;9.902027;0.014818;0.000000;1920;(84.689890, -0.003922, 58.010000);(0.000699, 270.000200, 0.000001);0.000000;0.000000;(0.000000, 0.000000, 0.000000);LeftFalse_RightFalse
24.984570;9.944210;0.014857;0.000000;1923;(84.689890, -0.003922, 58.010000);(0.000699, 270.000200, 0.000001);0.000000;0.000000;(0.000000, 0.000000, 0.000000);LeftFalse_RightFalse
25.025100;9.984737;0.014549;0.000000;1926;(84.689890, -0.003922, 58.010000);(0.000699, 270.000200, 0.000001);0.000000;0.000000;(0.000000, 0.000000, 0.000000);LeftFalse_RightFalse
25.067280;10.026915;0.014709;0.000000;1929;(84.689880, -0.003922, 58.009990);(0.000699, 270.000200, 0.000001);0.000000;0.000000;(0.000000, 0.000000, 0.000000);LeftFalse_RightFalse
25.108860;10.068501;0.014703;0.000000;1932;(84.689900, -0.003922, 58.010000);(0.000699, 270.000200, 0.000001);0.000000;0.000000;(0.000000, 0.000000, 0.000000);LeftFalse_RightFalse
25.158530;10.118164;0.013391;0.000000;1936;(84.689890, -0.003922, 58.010000);(0.000699, 270.000200, 0.000001);0.000000;0.000000;(0.000000, 0.000000, 0.000000);LeftFalse_RightFalse
25.203840;10.163479;0.014201;0.000000;1939;(84.689900, -0.003922, 58.010000);(0.000699, 270.000200, 0.000001);0.000000;0.000000;(0.000000, 0.000000, 0.000000);LeftFalse_RightFalse
25.245690;10.205328;0.014172;0.000000;1942;(84.689890, -0.003922, 58.010000);(0.000699, 270.000200, 0.000001);0.000000;0.000000;(0.000000, 0.000000, 0.000000);LeftFalse_RightFalse
25.295060;10.254696;0.013023;0.000000;1946;(84.689890, -0.003922, 58.009990);(0.000699, 270.000200, 0.000001);0.000000;0.000000;(0.000000, 0.000001, 0.000000);LeftFalse_RightFalse
25.336960;10.296600;0.012995;0.000000;1949;(84.689890, -0.003922, 58.009990);(0.000699, 270.000200, 0.000001);0.000000;0.000000;(0.000000, 0.000001, 0.000000);LeftFalse_RightFalse
25.384240;10.343880;0.014081;0.000000;1952;(84.689880, -0.003922, 58.009990);(0.000699, 270.000200, 0.000001);0.000000;0.000000;(0.000000, 0.000001, 0.000000);LeftFalse_RightFalse
25.442500;10.402138;0.014893;0.000000;1956;(84.689880, -0.003922, 58.010000);(0.000699, 270.000200, 0.000001);0.000000;0.000000;(0.000000, 0.000001, 0.000000);LeftFalse_RightFalse
25.484030;10.443665;0.014792;0.000000;1959;(84.689890, -0.003922, 58.010000);(0.000699, 270.000200, 0.000001);0.000000;0.000000;(0.000000, 0.000001, 0.000000);LeftFalse_RightFalse
25.524760;10.484392;0.014550;0.000000;1962;(84.689890, -0.003922, 58.010000);(0.000699, 270.000200, 0.000001);0.000000;0.000000;(0.000000, 0.000001, 0.000000);LeftFalse_RightFalse
25.567530;10.527166;0.014793;0.000000;1965;(84.689880, -0.003922, 58.010000);(0.000699, 270.000200, 0.000001);0.000000;0.000000;(0.000000, 0.000001, 0.000000);LeftFalse_RightFalse
25.608870;10.568510;0.014711;0.000000;1968;(84.689890, -0.003922, 58.010000);(0.000699, 270.000200, 0.000001);0.000000;0.000000;(0.000000, 0.000001, 0.000000);LeftFalse_RightFalse
25.650620;10.610252;0.014707;0.000000;1971;(84.689890, -0.003922, 58.010000);(0.000699, 270.000200, 0.000001);0.000000;0.000000;(0.000000, 0.000001, 0.000000);LeftFalse_RightFalse
25.700570;10.660202;0.013471;0.000000;1975;(84.689890, -0.003922, 58.009990);(0.000699, 270.000200, 0.000001);0.000000;0.000000;(0.000000, 0.000001, 0.000000);LeftFalse_RightFalse
25.745510;10.705151;0.014184;0.000000;1978;(84.689890, -0.003922, 58.010000);(0.000699, 270.000200, 0.000001);0.000000;0.000000;(0.000000, 0.000001, 0.000000);LeftFalse_RightFalse
25.787050;10.746685;0.014087;0.000000;1981;(84.689890, -0.003922, 58.009990);(0.000699, 270.000200, 0.000001);0.000000;0.000000;(0.000000, 0.000001, 0.000000);LeftFalse_RightFalse
25.829010;10.788645;0.014122;0.000000;1984;(84.689890, -0.003922, 58.010000);(0.000699, 270.000200, 0.000001);0.000000;0.000000;(0.000000, 0.000001, 0.000000);LeftFalse_RightFalse
25.870340;10.829973;0.014027;0.000000;1987;(84.689890, -0.003922, 58.010000);(0.000699, 270.000200, 0.000001);0.000000;0.000000;(0.000000, 0.000001, 0.000000);LeftFalse_RightFalse
25.911130;10.870770;0.013871;0.000000;1990;(84.689890, -0.003922, 58.010000);(0.000699, 270.000200, 0.000001);0.000000;0.000000;(0.000000, 0.000001, 0.000000);LeftFalse_RightFalse
25.953320;10.912956;0.013995;0.000000;1993;(84.689890, -0.003922, 58.010000);(0.000699, 270.000200, 0.000001);0.000000;0.000000;(0.000000, 0.000001, 0.000000);LeftFalse_RightFalse
25.995150;10.954782;0.014020;0.000000;1996;(84.689890, -0.003922, 58.010000);(0.000699, 270.000200, 0.000001);0.000000;0.000000;(0.000000, 0.000001, 0.000000);LeftFalse_RightFalse
26.036520;10.996155;0.013954;0.000000;1999;(84.689890, -0.003922, 58.010000);(0.000699, 270.000200, 0.000001);0.000000;0.000000;(0.000000, 0.000001, 0.000000);LeftFalse_RightFalse
26.078720;11.038359;0.014099;0.000000;2002;(84.689890, -0.003922, 58.010000);(0.000699, 270.000200, 0.000001);0.000000;0.000000;(0.000000, 0.000001, 0.000000);LeftFalse_RightFalse
26.120320;11.079956;0.014084;0.000000;2005;(84.689890, -0.003922, 58.010000);(0.000699, 270.000200, 0.000001);0.000000;0.000000;(0.000000, 0.000001, 0.000000);LeftFalse_RightFalse
26.161340;11.120981;0.013923;0.000000;2008;(84.689890, -0.003922, 58.009990);(0.000699, 270.000200, 0.000001);0.000000;0.000000;(0.000000, 0.000001, 0.000000);LeftFalse_RightFalse
26.203570;11.163204;0.014030;0.000000;2011;(84.689890, -0.003922, 58.010000);(0.000699, 270.000200, 0.000001);0.000000;0.000000;(0.000000, 0.000000, 0.000000);LeftFalse_RightFalse
26.245710;11.205345;0.014124;0.000000;2014;(84.689890, -0.003922, 58.010000);(0.000700, 270.000200, 0.000001);0.000000;0.000000;(0.000000, 0.000000, 0.000000);LeftFalse_RightFalse
26.287560;11.247200;0.009856;0.000000;2019;(84.689890, -0.003922, 58.009990);(0.000700, 270.000200, 0.000001);0.000000;0.000000;(0.000000, 0.000000, 0.000000);LeftFalse_RightFalse
26.328970;11.288607;0.011724;0.000000;2022;(84.689890, -0.003922, 58.010000);(0.000699, 270.000200, 0.000001);0.000000;0.000000;(0.000000, 0.000000, 0.000000);LeftFalse_RightFalse
26.375510;11.335144;0.013312;0.000000;2025;(84.689890, -0.003922, 58.010000);(0.000699, 270.000200, 0.000001);0.000000;0.000000;(0.000000, 0.000000, 0.000000);LeftFalse_RightFalse
26.433490;11.393124;0.014495;0.000000;2029;(84.689890, -0.003922, 58.010000);(0.000699, 270.000200, 0.000001);0.000000;0.000000;(0.000000, 0.000000, 0.000000);LeftFalse_RightFalse
26.484050;11.443687;0.013463;0.000000;2033;(84.689890, -0.003922, 58.010000);(0.000699, 270.000200, 0.000001);0.000000;0.000000;(0.000000, 0.000000, 0.000000);LeftFalse_RightFalse
26.528630;11.488266;0.014129;0.000000;2036;(84.689890, -0.003922, 58.010000);(0.000699, 270.000200, 0.000001);0.000000;0.000000;(0.000000, 0.000000, 0.000000);LeftFalse_RightFalse
26.570350;11.529984;0.014090;0.000000;2039;(84.689890, -0.003922, 58.010000);(0.000699, 270.000200, 0.000000);0.000000;0.000000;(0.000000, 0.000000, 0.000000);LeftFalse_RightFalse
26.620210;11.579847;0.013060;0.000000;2043;(84.689890, -0.003922, 58.010000);(0.000699, 270.000200, 0.000000);0.000000;0.000000;(0.000000, 0.000000, 0.000000);LeftFalse_RightFalse
26.662110;11.621746;0.013036;0.000000;2046;(84.689890, -0.003922, 58.010000);(0.000699, 270.000200, 0.000001);0.000000;0.000000;(0.000000, -0.000001, 0.000000);LeftFalse_RightFalse
26.709120;11.668758;0.014058;0.000000;2049;(84.689890, -0.003922, 58.009990);(0.000699, 270.000200, 0.000001);0.000000;0.000000;(0.000000, -0.000001, 0.000000);LeftFalse_RightFalse
26.767130;11.726767;0.014871;0.000000;2053;(84.689890, -0.003922, 58.009990);(0.000699, 270.000200, 0.000001);0.000000;0.000000;(0.000000, 0.000000, 0.000000);LeftFalse_RightFalse
26.817420;11.777056;0.013610;0.000000;2057;(84.689890, -0.003922, 58.010000);(0.000699, 270.000200, 0.000002);0.000000;0.000000;(0.000000, 0.000000, 0.000000);LeftFalse_RightFalse
26.862010;11.821642;0.014228;0.000000;2060;(84.689890, -0.003922, 58.010000);(0.000699, 270.000200, 0.000002);0.000000;0.000000;(0.000000, 0.000000, 0.000000);LeftFalse_RightFalse
26.908530;11.868166;0.015154;0.000000;2063;(84.689900, -0.003922, 58.010000);(0.000699, 270.000200, 0.000002);0.000000;0.000000;(0.000000, 0.000000, 0.000000);LeftFalse_RightFalse
26.953500;11.913134;0.012923;0.000000;2067;(84.689890, -0.003922, 58.010000);(0.000699, 270.000200, 0.000002);0.000000;0.000000;(0.000000, 0.000000, 0.000000);LeftFalse_RightFalse
27.000450;11.960091;0.013989;0.000000;2070;(84.689890, -0.003922, 58.010000);(0.000699, 270.000200, 0.000002);0.000000;0.000000;(0.000000, 0.000000, 0.000000);LeftFalse_RightFalse
27.058990;12.018627;0.014898;0.000000;2074;(84.689890, -0.003922, 58.010000);(0.000699, 270.000200, 0.000001);0.000000;0.000000;(0.000000, 0.000000, 0.000000);LeftFalse_RightFalse
27.108770;12.068405;0.013523;0.000000;2078;(84.689890, -0.003922, 58.010000);(0.000699, 270.000200, 0.000001);0.000000;0.000000;(0.000000, 0.000000, 0.000000);LeftFalse_RightFalse
27.153600;12.113237;0.014189;0.000000;2081;(84.689890, -0.003922, 58.010000);(0.000699, 270.000200, 0.000000);0.000000;0.000000;(0.000000, 0.000000, 0.000000);LeftFalse_RightFalse
27.203390;12.163031;0.013084;0.000000;2085;(84.689890, -0.003922, 58.010000);(0.000699, 270.000200, 0.000000);0.000000;0.000000;(0.000000, 0.000000, 0.000000);LeftFalse_RightFalse
27.245490;12.205126;0.013096;0.000000;2088;(84.689890, -0.003922, 58.010000);(0.000699, 270.000200, 0.000000);0.000000;0.000000;(0.000000, 0.000000, 0.000000);LeftFalse_RightFalse
27.292190;12.251827;0.014020;0.000000;2091;(84.689890, -0.003922, 58.009990);(0.000700, 270.000200, 0.000000);0.000000;0.000000;(0.000000, 0.000000, 0.000000);LeftFalse_RightFalse
27.350300;12.309935;0.014798;0.000000;2095;(84.689890, -0.003922, 58.010000);(0.000700, 270.000200, 0.000000);0.000000;0.000000;(0.000000, -0.000001, 0.000000);LeftFalse_RightFalse
27.409080;12.368719;0.015243;0.000000;2099;(84.689890, -0.003922, 58.010000);(0.000700, 270.000200, 0.000000);0.000000;0.000000;(0.000000, -0.000001, 0.000000);LeftFalse_RightFalse
27.452790;12.412426;0.012751;0.000000;2103;(84.689890, -0.003922, 58.010000);(0.000700, 270.000200, 0.000001);0.000000;0.000000;(0.000000, -0.000001, 0.000000);LeftFalse_RightFalse
27.495120;12.454762;0.012935;0.000000;2106;(84.689900, -0.003922, 58.010000);(0.000700, 270.000200, 0.000001);0.000000;0.000000;(0.000000, -0.000001, 0.000000);LeftFalse_RightFalse
27.542340;12.501978;0.014024;0.000000;2109;(84.689880, -0.003922, 58.010000);(0.000700, 270.000200, 0.000001);0.000000;0.000000;(0.000000, -0.000001, 0.000000);LeftFalse_RightFalse
27.600470;12.560102;0.014840;0.000000;2113;(84.689890, -0.003922, 58.009990);(0.000699, 270.000200, 0.000001);0.000000;0.000000;(0.000000, 0.000000, 0.000000);LeftFalse_RightFalse
27.650820;12.610455;0.013603;0.000000;2117;(84.689890, -0.003922, 58.010000);(0.000699, 270.000200, 0.000001);0.000000;0.000000;(0.000000, 0.000000, 0.000000);LeftFalse_RightFalse
27.695290;12.654924;0.014188;0.000000;2120;(84.689890, -0.003922, 58.010000);(0.000699, 270.000200, 0.000001);0.000000;0.000000;(0.000000, 0.000000, 0.000000);LeftFalse_RightFalse
27.744500;12.704138;0.012970;0.000000;2124;(84.689890, -0.003922, 58.010000);(0.000699, 270.000200, 0.000001);0.000000;0.000000;(0.000000, 0.000000, 0.000000);LeftFalse_RightFalse
27.792190;12.751827;0.014087;0.000000;2127;(84.689890, -0.003922, 58.009990);(0.000699, 270.000200, 0.000001);0.000000;0.000000;(0.000000, 0.000000, 0.000000);LeftFalse_RightFalse
27.850600;12.810238;0.014920;0.000000;2131;(84.689890, -0.003922, 58.010000);(0.000699, 270.000200, 0.000001);0.000000;0.000000;(0.000000, 0.000000, 0.000000);LeftFalse_RightFalse
27.900600;12.860233;0.013572;0.000000;2135;(84.689890, -0.003922, 58.010000);(0.000699, 270.000200, 0.000000);0.000000;0.000000;(0.000000, 0.000000, 0.000000);LeftFalse_RightFalse
27.945570;12.905210;0.014257;0.000000;2138;(84.689890, -0.003922, 58.009990);(0.000699, 270.000200, 0.000000);0.000000;0.000000;(0.000000, 0.000000, 0.000000);LeftFalse_RightFalse
27.995000;12.954641;0.013063;0.000000;2142;(84.689890, -0.003922, 58.010000);(0.000699, 270.000200, 0.000000);0.000000;0.000000;(0.000000, 0.000000, 0.000000);LeftFalse_RightFalse
28.042420;13.002060;0.014111;0.000000;2145;(84.689890, -0.003922, 58.010000);(0.000699, 270.000200, 0.000000);0.000000;0.000000;(0.000000, 0.000000, 0.000000);LeftFalse_RightFalse
28.100570;13.060207;0.014906;0.000000;2149;(84.689890, -0.003922, 58.010000);(0.000699, 270.000200, 0.000000);0.000000;0.000000;(0.000000, 0.000000, 0.000000);LeftFalse_RightFalse
28.150600;13.110235;0.013583;0.000000;2153;(84.689890, -0.003922, 58.010000);(0.000700, 270.000200, 0.000001);0.000000;0.000000;(0.000000, 0.000000, 0.000000);LeftFalse_RightFalse
28.195000;13.154633;0.014163;0.000000;2156;(84.689890, -0.003922, 58.009990);(0.000700, 270.000200, 0.000001);0.000000;0.000000;(0.000000, 0.000000, 0.000000);LeftFalse_RightFalse
28.245010;13.204643;0.013089;0.000000;2160;(84.689890, -0.003922, 58.009990);(0.000700, 270.000200, 0.000001);0.000000;0.000000;(0.000000, 0.000000, 0.000000);LeftFalse_RightFalse
28.286850;13.246485;0.013059;0.000000;2163;(84.689880, -0.003922, 58.010000);(0.000700, 270.000200, 0.000001);0.000000;0.000000;(0.000000, 0.000000, 0.000000);LeftFalse_RightFalse
28.333850;13.293491;0.014035;0.000000;2166;(84.689890, -0.003922, 58.009990);(0.000700, 270.000200, 0.000001);0.000000;0.000000;(0.000000, 0.000000, 0.000000);LeftFalse_RightFalse
28.391830;13.351469;0.014798;0.000000;2170;(84.689890, -0.003922, 58.009990);(0.000700, 270.000200, 0.000001);0.000000;0.000000;(0.000000, 0.000000, 0.000000);LeftFalse_RightFalse
28.442230;13.401865;0.013561;0.000000;2174;(84.689890, -0.003922, 58.010000);(0.000699, 270.000200, 0.000001);0.000000;0.000000;(0.000000, 0.000000, 0.000000);LeftFalse_RightFalse
28.487100;13.446741;0.014232;0.000000;2177;(84.689890, -0.003922, 58.010000);(0.000699, 270.000200, 0.000001);0.000000;0.000000;(0.000000, 0.000000, 0.000000);LeftFalse_RightFalse
28.536920;13.496553;0.013137;0.000000;2181;(84.689890, -0.003922, 58.009990);(0.000699, 270.000200, 0.000001);0.000000;0.000000;(0.000000, 0.000000, 0.000000);LeftFalse_RightFalse
28.584020;13.543659;0.014062;0.000000;2184;(84.689900, -0.003922, 58.010000);(0.000699, 270.000200, 0.000000);0.000000;0.000000;(0.000000, 0.000000, 0.000000);LeftFalse_RightFalse
28.642280;13.601915;0.014897;0.000000;2188;(84.689890, -0.003922, 58.010000);(0.000699, 270.000200, 0.000000);0.000000;0.000000;(0.000000, 0.000000, 0.000000);LeftFalse_RightFalse
28.700620;13.660261;0.015256;0.000000;2192;(84.689900, -0.003922, 58.010000);(0.000699, 270.000200, 0.000000);0.000000;0.000000;(0.000000, 0.000000, 0.000000);LeftFalse_RightFalse
28.745620;13.705261;0.012989;0.000000;2196;(84.689890, -0.003922, 58.010000);(0.000699, 270.000200, 0.000000);0.000000;0.000000;(0.000000, 0.000000, 0.000000);LeftFalse_RightFalse
28.791280;13.750917;0.013758;0.000000;2199;(84.689890, -0.003922, 58.010000);(0.000699, 270.000200, 0.000001);0.000000;0.000000;(0.000000, 0.000000, 0.000000);LeftFalse_RightFalse
28.850560;13.810200;0.014894;0.000000;2203;(84.689890, -0.003922, 58.010000);(0.000699, 270.000200, 0.000001);0.000000;0.000000;(0.000000, 0.000000, 0.000000);LeftFalse_RightFalse
28.891890;13.851522;0.014736;0.000000;2206;(84.689890, -0.003922, 58.010000);(0.000699, 270.000200, 0.000001);0.000000;0.000000;(0.000000, 0.000000, 0.000000);LeftFalse_RightFalse
28.941930;13.901569;0.013495;0.000000;2210;(84.689890, -0.003922, 58.010000);(0.000699, 270.000200, 0.000001);0.000000;0.000000;(0.000000, 0.000001, 0.000000);LeftFalse_RightFalse
28.986790;13.946426;0.014163;0.000000;2213;(84.689890, -0.003922, 58.010000);(0.000699, 270.000200, 0.000001);0.000000;0.000000;(0.000000, 0.000001, 0.000000);LeftFalse_RightFalse
29.036890;13.996527;0.013082;0.000000;2217;(84.689890, -0.003922, 58.010000);(0.000700, 270.000200, 0.000001);0.000000;0.000000;(0.000000, 0.000001, 0.000000);LeftFalse_RightFalse
29.084040;14.043680;0.014121;0.000000;2220;(84.689890, -0.003922, 58.010000);(0.000700, 270.000200, 0.000001);0.000000;0.000000;(0.000000, 0.000001, 0.000000);LeftFalse_RightFalse
29.142150;14.101786;0.014879;0.000000;2224;(84.689890, -0.003922, 58.010000);(0.000700, 270.000200, 0.000001);0.000000;0.000000;(0.000000, 0.000001, 0.000000);LeftFalse_RightFalse
29.183610;14.143251;0.014745;0.000000;2227;(84.689890, -0.003922, 58.010000);(0.000699, 270.000200, 0.000001);0.000000;0.000000;(0.000000, 0.000001, 0.000000);LeftFalse_RightFalse
29.233780;14.193420;0.013537;0.000000;2231;(84.689890, -0.003922, 58.010000);(0.000699, 270.000200, 0.000001);0.000000;0.000000;(0.000000, 0.000001, 0.000000);LeftFalse_RightFalse
29.277790;14.237427;0.014047;0.000000;2234;(84.689890, -0.003922, 58.010000);(0.000699, 270.000200, 0.000001);0.000000;0.000000;(0.000000, 0.000001, 0.000000);LeftFalse_RightFalse
29.319320;14.278961;0.013945;0.000000;2237;(84.689890, -0.003922, 58.010000);(0.000699, 270.000200, 0.000001);0.000000;0.000000;(0.000000, 0.000001, 0.000000);LeftFalse_RightFalse
29.369890;14.329525;0.013033;0.000000;2241;(84.689880, -0.003922, 58.009990);(0.000699, 270.000200, 0.000000);0.000000;0.000000;(0.000000, 0.000000, 0.000000);LeftFalse_RightFalse
29.417140;14.376774;0.014058;0.000000;2244;(84.689890, -0.003922, 58.010000);(0.000699, 270.000200, 0.000000);0.000000;0.000000;(0.000000, 0.000000, 0.000000);LeftFalse_RightFalse
29.475560;14.435194;0.014885;0.000000;2248;(84.689900, -0.003922, 58.010000);(0.000699, 270.000200, 0.000000);0.000000;0.000000;(0.000000, 0.000000, 0.000000);LeftFalse_RightFalse
29.517160;14.476795;0.014780;0.000000;2251;(84.689890, -0.003922, 58.010000);(0.000699, 270.000200, 0.000001);0.000000;0.000000;(0.000000, 0.000000, 0.000000);LeftFalse_RightFalse
29.558760;14.518398;0.014376;0.000000;2254;(84.689890, -0.003922, 58.010000);(0.000699, 270.000200, 0.000001);0.000000;0.000000;(0.000000, 0.000000, 0.000000);LeftFalse_RightFalse
29.617200;14.576839;0.015018;0.000000;2258;(84.689890, -0.003922, 58.010000);(0.000699, 270.000200, 0.000001);0.000000;0.000000;(0.000000, 0.000000, 0.000000);LeftFalse_RightFalse
29.658960;14.618593;0.014876;0.000000;2261;(84.689890, -0.003922, 58.010000);(0.000700, 270.000200, 0.000001);0.000000;0.000000;(0.000000, 0.000000, 0.000000);LeftFalse_RightFalse
29.708860;14.668501;0.013566;0.000000;2265;(84.689890, -0.003922, 58.010000);(0.000700, 270.000200, 0.000001);0.000000;0.000000;(0.000000, 0.000000, 0.000000);LeftFalse_RightFalse
29.753520;14.713160;0.014177;0.000000;2268;(84.689890, -0.003922, 58.009990);(0.000699, 270.000200, 0.000001);0.000000;0.000000;(0.000000, -0.000001, 0.000000);LeftFalse_RightFalse
29.794860;14.754499;0.014051;0.000000;2271;(84.689890, -0.003922, 58.010000);(0.000699, 270.000200, 0.000001);0.000000;0.000000;(0.000000, -0.000001, 0.000000);LeftFalse_RightFalse
29.837020;14.796659;0.014105;0.000000;2274;(84.689880, -0.003922, 58.010000);(0.000699, 270.000200, 0.000001);0.000000;0.000000;(0.000000, -0.000001, 0.000000);LeftFalse_RightFalse
29.878300;14.837934;0.014003;0.000000;2277;(84.689890, -0.003922, 58.010000);(0.000699, 270.000200, 0.000001);0.000000;0.000000;(0.000000, -0.000001, 0.000000);LeftFalse_RightFalse
29.927970;14.887611;0.012952;0.000000;2281;(84.689880, -0.003922, 58.009990);(0.000699, 270.000200, 0.000002);0.000000;0.000000;(0.000000, 0.000000, 0.000000);LeftFalse_RightFalse
29.975460;14.935093;0.014026;0.000000;2284;(84.689890, -0.003922, 58.010000);(0.000699, 270.000200, 0.000002);0.000000;0.000000;(0.000000, 0.000000, 0.000000);LeftFalse_RightFalse
30.033730;14.993366;0.014861;0.000000;2288;(84.689890, -0.003922, 58.010000);(0.000699, 270.000200, 0.000002);0.000000;0.000000;(0.000000, 0.000000, 0.000000);LeftFalse_RightFalse
30.075600;15.035238;0.014841;0.000000;2291;(84.689890, -0.003922, 58.010000);(0.000699, 270.000200, 0.000002);0.000000;0.000000;(0.000000, 0.000000, 0.000000);LeftFalse_RightFalse
30.117300;15.076933;0.014798;0.000000;2294;(84.689890, -0.003922, 58.010000);(0.000698, 270.000200, 0.000002);0.000000;0.000000;(0.000000, 0.000000, 0.000000);LeftFalse_RightFalse
30.159030;15.118664;0.014780;0.000000;2297;(84.689890, -0.003922, 58.010000);(0.000699, 270.000200, 0.000001);0.000000;0.000000;(0.000000, 0.000000, 0.000000);LeftFalse_RightFalse
30.208920;15.168560;0.013513;0.000000;2301;(84.689890, -0.003922, 58.009990);(0.000699, 270.000200, 0.000001);0.000000;0.000000;(0.000000, 0.000000, 0.000000);LeftFalse_RightFalse
30.253730;15.213371;0.014211;0.000000;2304;(84.689890, -0.003922, 58.010000);(0.000699, 270.000200, 0.000000);0.000000;0.000000;(0.000000, 0.000000, 0.000000);LeftFalse_RightFalse
30.303300;15.262936;0.013057;0.000000;2308;(84.689890, -0.003922, 58.010000);(0.000699, 270.000200, 0.000000);0.000000;0.000000;(0.000000, 0.000000, 0.000000);LeftFalse_RightFalse
30.345400;15.305037;0.013100;0.000000;2311;(84.689890, -0.003922, 58.009990);(0.000699, 270.000200, 0.000000);0.000000;0.000000;(0.000000, 0.000000, 0.000000);LeftFalse_RightFalse
30.386900;15.346535;0.012982;0.000000;2314;(84.689890, -0.003922, 58.009990);(0.000700, 270.000200, 0.000000);0.000000;0.000000;(0.000000, 0.000000, 0.000000);LeftFalse_RightFalse
30.434000;15.393637;0.014025;0.000000;2317;(84.689890, -0.003922, 58.010000);(0.000700, 270.000200, 0.000000);0.000000;0.000000;(0.000000, 0.000000, 0.000000);LeftFalse_RightFalse
30.492160;15.451792;0.014865;0.000000;2321;(84.689890, -0.003922, 58.010000);(0.000700, 270.000200, 0.000000);0.000000;0.000000;(0.000000, -0.000001, 0.000000);LeftFalse_RightFalse
30.533400;15.493034;0.014687;0.000000;2324;(84.689890, -0.003922, 58.010000);(0.000700, 270.000200, 0.000001);0.000000;0.000000;(0.000000, -0.000001, 0.000000);LeftFalse_RightFalse
30.575790;15.535431;0.014806;0.000000;2327;(84.689890, -0.003922, 58.010000);(0.000700, 270.000200, 0.000001);0.000000;0.000000;(0.000000, -0.000001, 0.000000);LeftFalse_RightFalse
30.617210;15.576851;0.014714;0.000000;2330;(84.689890, -0.003922, 58.010000);(0.000700, 270.000200, 0.000001);0.000000;0.000000;(0.000000, -0.000001, 0.000000);LeftFalse_RightFalse
30.657980;15.617613;0.014524;0.000000;2333;(84.689890, -0.003922, 58.010000);(0.000700, 270.000200, 0.000001);0.000000;0.000000;(0.000000, 0.000000, 0.000000);LeftFalse_RightFalse
30.700600;15.660233;0.014719;0.000000;2336;(84.689890, -0.003922, 58.010000);(0.000700, 270.000200, 0.000002);0.000000;0.000000;(0.000000, 0.000000, 0.000000);LeftFalse_RightFalse
30.742310;15.701950;0.014722;0.000000;2339;(84.689890, -0.003922, 58.010000);(0.000699, 270.000200, 0.000002);0.000000;0.000000;(0.000000, 0.000000, 0.000000);LeftFalse_RightFalse
30.783460;15.743093;0.014626;0.000000;2342;(84.689890, -0.003922, 58.010000);(0.000699, 270.000200, 0.000001);0.000000;0.000000;(0.000000, 0.000000, 0.000000);LeftFalse_RightFalse
30.834010;15.793642;0.013487;0.000000;2346;(84.689890, -0.003922, 58.010000);(0.000699, 270.000200, 0.000001);0.000000;0.000000;(0.000000, 0.000000, 0.000000);LeftFalse_RightFalse
30.875410;15.835049;0.013745;0.000000;2349;(84.689900, -0.003922, 58.010000);(0.000699, 270.000200, 0.000001);0.000000;0.000000;(0.000000, 0.000000, 0.000000);LeftFalse_RightFalse
30.920460;15.880093;0.014318;0.000000;2352;(84.689900, -0.003922, 58.010000);(0.000699, 270.000200, 0.000001);0.000000;0.000000;(0.000000, 0.000000, 0.000000);LeftFalse_RightFalse
30.962180;15.921814;0.014196;0.000000;2355;(84.689890, -0.003922, 58.010000);(0.000699, 270.000200, 0.000001);0.000000;0.000000;(0.000000, 0.000000, 0.000000);LeftFalse_RightFalse
31.003510;15.963144;0.014054;0.000000;2358;(84.689890, -0.003922, 58.010000);(0.000699, 270.000200, 0.000000);0.000000;0.000000;(0.000000, 0.000000, 0.000000);LeftFalse_RightFalse
31.045570;16.005211;0.014142;0.000000;2361;(84.689890, -0.003922, 58.010000);(0.000699, 270.000200, 0.000000);0.000000;0.000000;(0.000000, 0.000000, 0.000000);LeftFalse_RightFalse
31.087460;16.047100;0.014192;0.000000;2364;(84.689890, -0.003922, 58.010000);(0.000699, 270.000200, 0.000000);0.000000;0.000000;(0.000000, 0.000000, 0.000000);LeftFalse_RightFalse
31.137240;16.096872;0.013125;0.000000;2368;(84.689900, -0.003922, 58.010000);(0.000699, 270.000200, 0.000000);0.000000;0.000000;(0.000000, 0.000000, 0.000000);LeftFalse_RightFalse
31.179110;16.138748;0.013093;0.000000;2371;(84.689890, -0.003922, 58.010000);(0.000699, 270.000200, 0.000000);0.000000;0.000000;(0.000000, 0.000000, 0.000000);LeftFalse_RightFalse
31.220660;16.180294;0.013050;0.000000;2374;(84.689890, -0.003922, 58.010000);(0.000699, 270.000200, 0.000001);0.000000;0.000000;(0.000000, 0.000000, 0.000000);LeftFalse_RightFalse
31.263860;16.223499;0.013194;0.000000;2377;(84.689890, -0.003922, 58.009990);(0.000700, 270.000200, 0.000001);0.000000;0.000000;(0.000000, 0.000000, 0.000000);LeftFalse_RightFalse
31.303980;16.263617;0.012892;0.000000;2380;(84.689880, -0.003922, 58.009990);(0.000700, 270.000200, 0.000001);0.000000;0.000000;(0.000000, 0.000000, 0.000000);LeftFalse_RightFalse
31.350460;16.310095;0.013881;0.000000;2383;(84.689890, -0.003922, 58.010000);(0.000700, 270.000200, 0.000001);0.000000;0.000000;(0.000000, 0.000000, 0.000000);LeftFalse_RightFalse
31.408740;16.368378;0.014789;0.000000;2387;(84.689890, -0.003922, 58.010000);(0.000700, 270.000200, 0.000001);0.000000;0.000000;(0.000000, 0.000000, 0.000000);LeftFalse_RightFalse
31.450730;16.410364;0.014794;0.000000;2390;(84.689890, -0.003922, 58.010000);(0.000700, 270.000200, 0.000001);0.000000;0.000000;(0.000000, 0.000000, 0.000000);LeftFalse_RightFalse
31.500470;16.460102;0.013527;0.000000;2394;(84.689890, -0.003922, 58.009990);(0.000700, 270.000200, 0.000001);0.000000;0.000000;(0.000000, 0.000000, 0.000000);LeftFalse_RightFalse
31.546010;16.505651;0.014315;0.000000;2397;(84.689890, -0.003922, 58.010000);(0.000699, 270.000200, 0.000001);0.000000;0.000000;(0.000000, 0.000000, 0.000000);LeftFalse_RightFalse
31.595490;16.555122;0.013117;0.000000;2401;(84.689890, -0.003922, 58.010000);(0.000699, 270.000200, 0.000001);0.000000;0.000000;(0.000000, 0.000000, 0.000000);LeftFalse_RightFalse
31.637190;16.596825;0.013034;0.000000;2404;(84.689890, -0.003922, 58.010000);(0.000699, 270.000200, 0.000001);0.000000;0.000000;(0.000000, 0.000000, 0.000000);LeftFalse_RightFalse
31.678500;16.638132;0.012920;0.000000;2407;(84.689890, -0.003922, 58.010000);(0.000699, 270.000200, 0.000000);0.000000;0.000000;(0.000000, 0.000000, 0.000000);LeftFalse_RightFalse
31.720140;16.679779;0.012923;0.000000;2410;(84.689890, -0.003922, 58.010000);(0.000699, 270.000200, 0.000000);0.000000;0.000000;(0.000000, 0.000000, 0.000000);LeftFalse_RightFalse
31.767530;16.727165;0.014045;0.000000;2413;(84.689890, -0.003922, 58.009990);(0.000699, 270.000200, 0.000000);0.000000;0.000000;(0.000000, 0.000000, 0.000000);LeftFalse_RightFalse
31.808850;16.768490;0.014092;0.000000;2416;(84.689880, -0.003922, 58.010000);(0.000699, 270.000200, 0.000000);0.000000;0.000000;(0.000000, 0.000001, 0.000000);LeftFalse_RightFalse
31.866950;16.826590;0.014859;0.000000;2420;(84.689890, -0.003922, 58.010000);(0.000699, 270.000200, 0.000001);0.000000;0.000000;(0.000000, 0.000001, 0.000000);LeftFalse_RightFalse
31.908790;16.868429;0.014810;0.000000;2423;(84.689890, -0.003922, 58.009990);(0.000699, 270.000200, 0.000001);0.000000;0.000000;(0.000000, 0.000001, 0.000000);LeftFalse_RightFalse
31.950450;16.910089;0.014751;0.000000;2426;(84.689890, -0.003922, 58.010000);(0.000699, 270.000200, 0.000001);0.000000;0.000000;(0.000000, 0.000001, 0.000000);LeftFalse_RightFalse
32.000980;16.960621;0.013587;0.000000;2430;(84.689890, -0.003922, 58.010000);(0.000699, 270.000200, 0.000001);0.000000;0.000000;(0.000000, 0.000001, 0.000000);LeftFalse_RightFalse
32.045670;17.005310;0.014217;0.000000;2433;(84.689890, -0.003922, 58.009990);(0.000699, 270.000200, 0.000001);0.000000;0.000000;(0.000000, 0.000001, 0.000000);LeftFalse_RightFalse
32.086810;17.046444;0.014045;0.000000;2436;(84.689890, -0.003922, 58.010000);(0.000699, 270.000200, 0.000001);0.000000;0.000000;(0.000000, 0.000001, 0.000000);LeftFalse_RightFalse
32.128540;17.088181;0.014052;0.000000;2439;(84.689900, -0.003922, 58.010000);(0.000699, 270.000200, 0.000001);0.000000;0.000000;(0.000000, 0.000001, 0.000000);LeftFalse_RightFalse
32.170300;17.129932;0.014056;0.000000;2442;(84.689890, -0.003922, 58.010000);(0.000700, 270.000200, 0.000001);0.000000;0.000000;(0.000000, 0.000001, 0.000000);LeftFalse_RightFalse
32.212020;17.171654;0.014058;0.000000;2445;(84.689890, -0.003922, 58.010000);(0.000700, 270.000200, 0.000001);0.000000;0.000000;(0.000000, 0.000001, 0.000000);LeftFalse_RightFalse
32.409150;17.368786;0.045234;0.000000;2448;(84.689890, -0.003922, 58.010000);(0.000699, 270.000200, 0.000001);0.000000;0.000000;(0.000000, 0.000000, 0.000000);LeftFalse_RightFalse
32.452730;17.412369;0.025447;0.000000;2452;(84.689890, -0.003922, 58.010000);(0.000699, 270.000200, 0.000001);0.000000;0.000000;(0.000000, 0.000000, 0.000000);LeftFalse_RightFalse
32.503300;17.462940;0.017780;0.000000;2456;(84.689880, -0.003922, 58.010000);(0.000699, 270.000200, 0.000001);0.000000;0.000000;(0.000000, 0.000000, 0.000000);LeftFalse_RightFalse
32.550510;17.510151;0.016492;0.000000;2459;(84.689890, -0.003922, 58.010000);(0.000699, 270.000200, 0.000000);0.000000;0.000000;(0.000000, 0.000000, 0.000000);LeftFalse_RightFalse
32.592210;17.551846;0.015410;0.000000;2462;(84.689890, -0.003922, 58.009990);(0.000699, 270.000200, 0.000001);0.000000;0.000000;(0.000000, 0.000000, 0.000000);LeftFalse_RightFalse
32.650670;17.610310;0.015470;0.000000;2466;(84.689890, -0.003922, 58.010000);(0.000699, 270.000200, 0.000001);0.000000;0.000000;(0.000000, 0.000000, 0.000000);LeftFalse_RightFalse
32.700600;17.660236;0.013777;0.000000;2470;(84.689900, -0.003922, 58.010000);(0.000699, 270.000200, 0.000001);0.000000;0.000000;(0.000000, -0.000001, 0.000000);LeftFalse_RightFalse
32.745400;17.705040;0.014328;0.000000;2473;(84.689890, -0.003922, 58.009990);(0.000699, 270.000200, 0.000001);0.000000;0.000000;(0.000000, -0.000001, 0.000000);LeftFalse_RightFalse
32.792210;17.751850;0.015265;0.000000;2476;(84.689890, -0.003922, 58.009990);(0.000700, 270.000200, 0.000001);0.000000;0.000000;(0.000000, -0.000001, 0.000000);LeftFalse_RightFalse
32.833970;17.793606;0.014706;0.000000;2479;(84.689890, -0.003922, 58.010000);(0.000700, 270.000200, 0.000001);0.000000;0.000000;(0.000000, -0.000001, 0.000000);LeftFalse_RightFalse
32.883830;17.843472;0.013460;0.000000;2483;(84.689890, -0.003922, 58.009990);(0.000700, 270.000200, 0.000001);0.000000;0.000000;(0.000000, -0.000001, 0.000000);LeftFalse_RightFalse
32.928780;17.888412;0.014178;0.000000;2486;(84.689890, -0.003922, 58.010000);(0.000700, 270.000200, 0.000001);0.000000;0.000000;(0.000000, -0.000001, 0.000000);LeftFalse_RightFalse
32.978490;17.938126;0.013073;0.000000;2490;(84.689890, -0.003922, 58.010000);(0.000699, 270.000200, 0.000001);0.000000;0.000000;(0.000000, -0.000001, 0.000000);LeftFalse_RightFalse
33.025760;17.985401;0.014087;0.000000;2493;(84.689890, -0.003922, 58.009990);(0.000699, 270.000200, 0.000002);0.000000;0.000000;(0.000000, 0.000000, 0.000000);LeftFalse_RightFalse
