,Point_ID,HeadPosXA,HeadPosZA
0,0,0.66,-75.7109
1,1,0.66,-75.6991822667064
2,2,0.66,-75.6966096982281
3,3,0.66,-75.6923942127045
4,4,0.66,-75.698652663252
5,5,0.66,-75.6950463149166
6,6,0.66,-75.7047068408041
7,7,0.66,-75.7136795036277
8,8,0.66,-75.7253110250448
9,9,0.66,-75.7512296618754
10,10,0.66,-75.7809466290853
11,11,0.66,-75.8092783956805
12,12,0.66,-75.8374228098438
13,13,0.66,-75.8722421369509
14,14,0.66,-75.9061529937956
15,15,0.66,-75.949460192272
16,16,0.66,-75.9989711301791
17,17,0.66,-76.0563313125894
18,18,0.66,-76.1222361648345
19,19,0.66,-76.1831870915542
20,20,0.66,-76.2485004725351
21,21,0.66,-76.3191025523794
22,22,0.66,-76.3949646693305
23,23,0.66,-76.476170090531
24,24,0.66,-76.5620428148018
25,25,0.66,-76.6562403490634
26,26,0.66,-76.7559291766511
27,27,0.66,-76.8667366298444
28,28,0.66,-76.9986385203481
29,29,0.66,-77.1375247780633
30,30,0.66,-77.2830966038571
31,31,0.66,-77.4152347649158
32,32,0.66,-77.5549909259401
33,33,0.66,-77.7136271330926
34,34,0.66,-77.8796956423962
35,35,0.66,-78.0517642912124
36,36,0.66,-78.2307520820088
37,37,0.66,-78.4159002692018
38,38,0.66,-78.607074033994
39,39,0.66,-78.8251013846096
40,40,0.66,-79.0528658074832
41,41,0.66,-79.2890221793528
42,42,0.66,-79.523873412699
43,43,0.66,-79.7490485342464
44,44,0.66,-79.9977580259544
45,45,0.66,-80.2561713629892
46,46,0.66,-80.5207662536407
47,47,0.66,-80.7911019033981
48,48,0.66,-81.0669485321387
49,49,0.66,-81.3473420793896
50,50,0.66,-81.6330432827626
51,51,0.66,-81.9231025834934
52,52,0.66,-82.2128424796676
53,53,0.66,-82.5169289299391
54,54,0.66,-82.7927007719364
55,55,0.66,-83.0786352622624
56,56,0.66,-83.3773727898482
57,57,0.66,-83.6718506991402
58,58,0.66,-83.9801728967237
59,59,0.66,-84.2836276001737
60,60,0.66,-84.5753915800576
61,61,0.66,-84.8338092806648
62,62,0.66,-85.0809211982413
63,63,0.66,-85.3602214301718
64,64,0.66,-85.5930995296098
65,65,0.66,-85.8262244424212
66,66,0.66,-86.0539972993714
67,67,0.66,-86.2319300477944
68,68,0.66,-86.4110240910947
69,69,0.66,-86.6310409833799
70,70,0.66,-86.8277072800668
71,71,0.66,-86.9660152998295
72,72,0.66,-87.1449816542708
73,73,0.66,-87.3109653520651
74,74,0.66,-87.448003905961
75,75,0.66,-87.6247306775045
76,76,0.66,-87.7731200183113
77,77,0.66,-87.8806169105363
78,78,0.66,-87.9413913123834
79,79,0.66,-87.991610779733
80,80,0.66,-88.06761781715
81,81,0.66,-88.1673384511322
82,82,0.66,-88.2400828202891
83,83,0.66,-88.2078083499889
84,84,0.66,-88.281632821938
85,85,0.66,-88.3345134248761
86,86,0.66,-88.3276281414906
87,87,0.66,-88.2933290800647
88,88,0.66,-88.3073574475741
89,89,0.66,-88.2752156827245
90,90,0.66,-88.2520146065926
91,91,0.66,-88.1752329835464
92,92,0.66,-88.1074115892675
93,93,0.66,-88.027792736244
94,94,0.66,-87.9354887747842
95,95,0.66,-87.8507496340965
96,96,0.66,-87.7302161331243
97,97,0.66,-87.6255426644597
98,98,0.66,-87.4740780826655
99,99,0.66,-87.2951772191005
100,100,0.66,-87.0957913400711
101,101,0.66,-86.8557179984843
102,102,0.66,-86.5958023638666
103,103,0.66,-86.3162838185225
104,104,0.66,-86.01657568172
105,105,0.66,-85.7195342766618
106,106,0.66,-85.4394088666949
107,107,0.66,-85.1233791234687
108,108,0.66,-84.7817445583452
109,109,0.66,-84.3949924235818
110,110,0.66,-84.0403731138067
111,111,0.66,-83.6049971013695
112,112,0.66,-83.2305892081977
113,113,0.66,-82.8126260332108
114,114,0.66,-82.4156724715886
115,115,0.66,-82.0060844970819
116,116,0.66,-81.5854836965842
117,117,0.66,-81.1559069225561
118,118,0.66,-80.7093060923738
119,119,0.66,-80.2481259617633
120,120,0.66,-79.7851026319911
121,121,0.66,-79.3205782725091
122,122,0.66,-78.8570536980675
123,123,0.66,-78.4014376433663
124,124,0.66,-77.9435780809328
125,125,0.66,-77.4843502854136
126,126,0.66,-77.0239875381462
127,127,0.66,-76.5625548724156
128,128,0.66,-76.1002412956258
129,129,0.66,-75.6372186727374
130,130,0.66,-75.1736653866454
131,131,0.66,-74.7225353523335
132,132,0.66,-74.2728009296789
133,133,0.66,-73.806434024979
134,134,0.66,-73.3400640165152
135,135,0.66,-72.8736866838132
136,136,0.66,-72.4073043330346
137,137,0.66,-71.9298358453441
138,138,0.66,-71.4527043888468
139,139,0.66,-70.9867141599933
140,140,0.66,-70.5085287944385
141,141,0.66,-70.0318516923998
142,142,0.66,-69.5708960324663
143,143,0.66,-69.1218277253338
144,144,0.66,-68.6562144381291
145,145,0.66,-68.1900891814949
146,146,0.66,-67.7239846476708
147,147,0.66,-67.2579154565732
148,148,0.66,-66.7918980078969
149,149,0.66,-66.32595134875
150,150,0.66,-65.8596907952987
151,151,0.66,-65.3944152772485
152,152,0.66,-64.9289908417794
153,153,0.66,-64.4638742233206
154,154,0.66,-63.9992086832152
155,155,0.66,-63.5351504740687
156,156,0.66,-63.0718111510196
157,157,0.66,-62.6093060759232
158,158,0.66,-62.1476970257695
159,159,0.66,-61.6856252898368
160,160,0.66,-61.2217697194802
161,161,0.66,-60.758699377255
162,162,0.66,-60.2965717717389
163,163,0.66,-59.8355580266787
164,164,0.66,-59.3758456287036
165,165,0.66,-58.9146540910701
166,166,0.66,-58.4539285424396
167,167,0.66,-57.9940698237879
168,168,0.66,-57.534824080036
169,169,0.66,-57.0767976922178
170,170,0.66,-56.6203602450348
171,171,0.66,-56.1654742424717
172,172,0.66,-55.7123433821527
173,173,0.66,-55.2611716290855
174,174,0.66,-54.8129498326048
175,175,0.66,-54.3680198388482
176,176,0.66,-53.9265874253304
177,177,0.66,-53.4891856317964
178,178,0.66,-53.0801189380255
179,179,0.66,-52.6807112716607
180,180,0.66,-52.290827508701
181,181,0.66,-51.9120174669599
182,182,0.66,-51.5908497496763
183,183,0.66,-51.2223768243875
184,184,0.66,-50.8642820402075
185,185,0.66,-50.5223613855903
186,186,0.66,-50.2101738252103
187,187,0.66,-49.9069902919414
188,188,0.66,-49.5598336767918
189,189,0.66,-49.2703557038409
190,190,0.66,-48.9918073458521
191,191,0.66,-48.7248813203151
192,192,0.66,-48.4569880123634
193,193,0.66,-48.1875540029058
194,194,0.66,-47.9902377989178
195,195,0.66,-47.7660504318114
196,196,0.66,-47.59180595614
197,197,0.66,-47.3931878596752
198,198,0.66,-47.2071832280071
199,199,0.66,-47.0215712815232
200,200,0.66,-46.8348078741956
201,201,0.66,-46.6318360846989
202,202,0.66,-46.487067733802
203,203,0.66,-46.3363644507396
204,204,0.66,-46.2001159179846
205,205,0.66,-46.1045853301665
206,206,0.66,-45.9861036912189
207,207,0.66,-45.8940767458362
208,208,0.66,-45.8112749089787
209,209,0.66,-45.7353802529252
210,210,0.66,-45.5940162431914
211,211,0.66,-45.4876032595689
212,212,0.66,-45.3842223923687
213,213,0.66,-45.3218548790779
214,214,0.66,-45.3141480886917
215,215,0.66,-45.2515536841718
216,216,0.66,-45.234043673476
217,217,0.66,-45.1943
218,218,0.66,-45.1822280175116
219,219,0.66,-45.17569591498
220,220,0.66,-45.1348982067927
221,221,0.66,-45.1144358645613
222,222,0.66,-45.0788366390905
223,223,0.66,-45.0725378154939
224,224,0.66,-45.0853069041491
225,225,0.66,-45.0954435196414
226,226,0.66,-45.0906911051715
227,227,0.66,-45.064860707176
228,228,0.66,-44.9922973417656
229,229,0.66,-44.9434567179675
230,230,0.66,-44.897653608037
231,231,0.66,-44.8472020671326
232,232,0.66,-44.7645035829609
233,233,0.66,-44.6733322617164
234,234,0.66,-44.5281961911156
235,235,0.66,-44.2242354076396
236,236,0.66,-44.0070429626451
237,237,0.66,-43.8395939129444
238,238,0.66,-43.6005456216287
239,239,0.66,-43.3111701570534
240,240,0.66,-42.9811672459151
241,241,0.66,-42.7216117375919
242,242,0.66,-42.4056477818116
243,243,0.66,-42.0145749556983
244,244,0.66,-41.6004059188251
245,245,0.66,-41.2016667116054
246,246,0.66,-40.7854406165347
247,247,0.66,-40.3452165477095
248,248,0.66,-39.9379724148584
249,249,0.66,-39.4908864701675
250,250,0.66,-39.0327562555267
251,251,0.66,-38.5713733789381
252,252,0.66,-38.1196732243279
253,253,0.66,-37.6773654684274
254,254,0.66,-37.2280536155019
255,255,0.66,-36.7721732098178
256,256,0.66,-36.3119475627013
257,257,0.66,-35.8491547520995
258,258,0.66,-35.3852115915864
259,259,0.66,-34.9211697978403
260,260,0.66,-34.4577143254612
261,261,0.66,-33.9951716878126
262,262,0.66,-33.5335348918032
263,263,0.66,-33.0723438530916
264,264,0.66,-32.6109152268741
265,265,0.66,-32.1488635725064
266,266,0.66,-31.6862047317105
267,267,0.66,-31.2231523661483
268,268,0.66,-30.75994512228
269,269,0.66,-30.2966354447616
270,270,0.66,-29.8331490413833
271,271,0.66,-29.3695178580026
272,272,0.66,-28.905863762633
273,273,0.66,-28.4382042016008
274,274,0.66,-27.9695526273665
275,275,0.66,-27.5001471308842
276,276,0.66,-27.029990520126
277,277,0.66,-26.5593313228763
278,278,0.66,-26.088424743999
279,279,0.66,-25.6174725115935
280,280,0.66,-25.1345110616505
281,281,0.66,-24.6470980527484
282,282,0.66,-24.1596245908577
283,283,0.66,-23.6721167015549
284,284,0.66,-23.1847018381599
285,285,0.66,-22.7165806736283
286,286,0.66,-22.2533984899618
287,287,0.66,-21.7903109451688
288,288,0.66,-21.3273461591166
289,289,0.66,-20.8645214297982
290,290,0.66,-20.401865449076
291,291,0.66,-19.9393794267141
292,292,0.66,-19.4770589498534
293,293,0.66,-19.0148995888353
294,294,0.66,-18.5395340686131
295,295,0.66,-18.0595823186064
296,296,0.66,-17.579775522645
297,297,0.66,-17.1001852234018
298,298,0.66,-16.62055154162
299,299,0.66,-16.1408382306206
300,300,0.66,-15.6610640746838
301,301,0.66,-15.1812439003039
302,302,0.66,-14.7022323734175
303,303,0.66,-14.2334639471738
304,304,0.66,-13.7647519739879
305,305,0.66,-13.2961281767724
306,306,0.66,-12.8192784471696
307,307,0.66,-12.341605644176
308,308,0.66,-11.8649375738985
309,309,0.66,-11.4019816698782
310,310,0.66,-10.94078552286
311,311,0.6916881873525,-10.4781438217556
312,312,0.683123229857347,-10.0145331242119
313,313,0.678043617930037,-9.54793367809445
314,314,0.670753146463054,-9.07768666057044
315,315,0.660612505103912,-8.60392239419528
316,316,0.647559747380343,-8.1270646112413
317,317,0.597739442313452,-7.64807358044259
318,318,0.555968888430949,-7.16805850723099
319,319,0.542661414148401,-6.69340624857169
320,320,0.443165446436858,-6.24824437531115
321,321,0.248363609407166,-5.80884673886598
322,322,0.0312097970867023,-5.37517286786247
323,323,-0.174921576430084,-4.94778333446107
324,324,-0.377238840626141,-4.5056559632728
325,325,-0.599041294071247,-4.07754017623073
326,326,-0.842181883460028,-3.71017995698079
327,327,-1.1066015796946,-3.31291910333248
328,328,-1.37911628136439,-2.92403275195241
329,329,-1.66782313595057,-2.53026440195086
330,330,-1.98209564820964,-2.17449625326369
331,331,-2.3094479265011,-1.87290861923988
332,332,-2.64517586870517,-1.59183940485841
333,333,-3.0153275079896,-1.40212146400139
334,334,-3.43309460491805,-1.19947204767217
335,335,-3.90310941491606,-0.94926335429388
336,336,-4.30018175954691,-0.721852203917051
337,337,-4.70408885968713,-0.61113334490723
338,338,-5.11702170861294,-0.433725919411691
339,339,-5.5372092232751,-0.313274345908698
340,340,-5.9639375333414,-0.188040665902239
341,341,-6.40920016251415,-0.0819134326509715
342,342,-6.86319326463417,0.0563046291328026
343,343,-7.31976049139816,0.190686197196258
344,344,-7.77767938028319,0.237168571503814
345,345,-8.23618415671369,0.287751554463699
346,346,-8.69458248295252,0.312834233344266
347,347,-9.15233284947827,0.394476385213967
348,348,-9.60944071467771,0.538452749899335
349,349,-10.0664217435856,0.671058227003073
350,350,-10.5345520986966,0.670938819241062
351,351,-11.0027903846302,0.745593495728445
352,352,-11.4698267512493,0.806313675285602
353,353,-11.9358520939048,0.819317853433837
354,354,-12.4010239372274,0.837814217803275
355,355,-12.8656239979113,0.853539807129863
356,356,-13.3301712867447,0.906586436253482
357,357,-13.795548235061,0.952989270889316
358,358,-14.2620309227808,0.996290822402838
359,359,-14.7194859958027,1.06092526483869
360,360,-15.1694346632113,1.06141459838625
361,361,-15.6206017400596,1.09354115843968
362,362,-16.0731279627029,1.13708190116496
363,363,-16.505649793814,1.21036441903276
364,364,-16.9510750619419,1.18761403251405
365,365,-17.4140455815633,1.21964354461168
366,366,-17.8769180021372,1.24628422861964
367,367,-18.3396836030186,1.26964644444352
368,368,-18.8023561971622,1.26774084006516
369,369,-19.2650525128595,1.28484802706251
370,370,-19.7278654610112,1.27597240607192
371,371,-20.1908189580407,1.26585156852858
372,372,-20.6538589319849,1.27794710658096
373,373,-21.1169325783971,1.25962930455885
374,374,-21.580002461489,1.30988341125409
375,375,-22.0430323845907,1.30623214968096
376,376,-22.5059890079206,1.29657247376643
377,377,-22.9688332422805,1.29686753392815
378,378,-23.4315648726974,1.30373984715665
379,379,-23.8942668793509,1.34228797906237
380,380,-24.3570222707304,1.3681444065089
381,381,-24.8198322338864,1.38312849539402
382,382,-25.2827246724988,1.34738378961379
383,383,-25.7457268914107,1.32288465048305
384,384,-26.2087985331479,1.30571800864447
385,385,-26.6718277238829,1.28739760037304
386,386,-27.1347398714437,1.27974894878752
387,387,-27.5975230837996,1.28864868825606
388,388,-28.0602507333254,1.27064450238459
389,389,-28.5230299913679,1.25403802051812
390,390,-28.9859232806503,1.23099139587013
391,391,-29.4489557051813,1.22164821994877
392,392,-29.912030129402,1.23608358192576
393,393,-30.3750724500619,1.24925046305498
394,394,-30.8380426205909,1.25991431751058
395,395,-31.3008762927346,1.26662068693331
396,396,-31.763577007864,1.27391721179065
397,397,-32.2261255981009,1.27734444306393
398,398,-32.6884446396505,1.27941686667935
399,399,-33.1503,1.2846
